[{"shoe_id":"M0", "image_link":"m0c0o0", "color_id":"C0", "orientation":"O0"},
 {"shoe_id":"M0", "image_link":"m0c0o1", "color_id":"C0", "orientation":"O1"},
 {"shoe_id":"M0", "image_link":"m0c0o2", "color_id":"C0", "orientation":"O2"},
 {"shoe_id":"M0", "image_link":"m0c0o3", "color_id":"C0", "orientation":"O3"},
 {"shoe_id":"M0", "image_link":"m0c0o4", "color_id":"C0", "orientation":"O4"},
 {"shoe_id":"M0", "image_link":"m0c0o5", "color_id":"c0", "orientation":"O5"},
 {"shoe_id":"M0", "image_link":"m0c1o0", "color_id":"C1", "orientation":"O0"},
 {"shoe_id":"M0", "image_link":"m0c1o1", "color_id":"C1", "orientation":"O1"},
 {"shoe_id":"M0", "image_link":"m0c1o2", "color_id":"C1", "orientation":"O2"},
 {"shoe_id":"M0", "image_link":"m0c1o3", "color_id":"C1", "orientation":"O3"},
 {"shoe_id":"M0", "image_link":"m0c1o4", "color_id":"C1", "orientation":"O4"},
 {"shoe_id":"M0", "image_link":"m0c1o5", "color_id":"c1", "orientation":"O5"},
 {"shoe_id":"M0", "image_link":"m0c2o0", "color_id":"C2", "orientation":"O0"},
 {"shoe_id":"M0", "image_link":"m0c2o1", "color_id":"C2", "orientation":"O1"},
 {"shoe_id":"M0", "image_link":"m0c2o2", "color_id":"C2", "orientation":"O2"},
 {"shoe_id":"M0", "image_link":"m0c2o3", "color_id":"C2", "orientation":"O3"},
 {"shoe_id":"M0", "image_link":"m0c2o4", "color_id":"C2", "orientation":"O4"},
 {"shoe_id":"M0", "image_link":"m0c2o5", "color_id":"c2", "orientation":"O5"},
 {"shoe_id":"M0", "image_link":"m0c3o0", "color_id":"C3", "orientation":"O0"},
 {"shoe_id":"M0", "image_link":"m0c3o1", "color_id":"C3", "orientation":"O1"},
 {"shoe_id":"M0", "image_link":"m0c3o2", "color_id":"C3", "orientation":"O2"},
 {"shoe_id":"M0", "image_link":"m0c3o3", "color_id":"C3", "orientation":"O3"},
 {"shoe_id":"M0", "image_link":"m0c3o4", "color_id":"C3", "orientation":"O4"},
 {"shoe_id":"M0", "image_link":"m0c3o5", "color_id":"c3", "orientation":"O5"},
 {"shoe_id":"M1", "image_link":"m1c0o0", "color_id":"C0", "orientation":"O0"},
 {"shoe_id":"M1", "image_link":"m1c0o1", "color_id":"C0", "orientation":"O1"},
 {"shoe_id":"M1", "image_link":"m1c0o2", "color_id":"C0", "orientation":"O2"},
 {"shoe_id":"M1", "image_link":"m1c0o3", "color_id":"C0", "orientation":"O3"},
 {"shoe_id":"M1", "image_link":"m1c0o4", "color_id":"C0", "orientation":"O4"},
 {"shoe_id":"M1", "image_link":"m1c0o5", "color_id":"c0", "orientation":"O5"},
 {"shoe_id":"M1", "image_link":"m1c1o0", "color_id":"C1", "orientation":"O0"},
 {"shoe_id":"M1", "image_link":"m1c1o1", "color_id":"C1", "orientation":"O1"},
 {"shoe_id":"M1", "image_link":"m1c1o2", "color_id":"C1", "orientation":"O2"},
 {"shoe_id":"M1", "image_link":"m1c1o3", "color_id":"C1", "orientation":"O3"},
 {"shoe_id":"M1", "image_link":"m1c1o4", "color_id":"C1", "orientation":"O4"},
 {"shoe_id":"M1", "image_link":"m1c1o5", "color_id":"c1", "orientation":"O5"},
 {"shoe_id":"M1", "image_link":"m1c2o0", "color_id":"C2", "orientation":"O0"},
 {"shoe_id":"M1", "image_link":"m1c2o1", "color_id":"C2", "orientation":"O1"},
 {"shoe_id":"M1", "image_link":"m1c2o2", "color_id":"C2", "orientation":"O2"},
 {"shoe_id":"M1", "image_link":"m1c2o3", "color_id":"C2", "orientation":"O3"},
 {"shoe_id":"M1", "image_link":"m1c2o4", "color_id":"C2", "orientation":"O4"},
 {"shoe_id":"M1", "image_link":"m1c2o5", "color_id":"c2", "orientation":"O5"},
 {"shoe_id":"M1", "image_link":"m1c3o0", "color_id":"C3", "orientation":"O0"},
 {"shoe_id":"M1", "image_link":"m1c3o1", "color_id":"C3", "orientation":"O1"},
 {"shoe_id":"M1", "image_link":"m1c3o2", "color_id":"C3", "orientation":"O2"},
 {"shoe_id":"M1", "image_link":"m1c3o3", "color_id":"C3", "orientation":"O3"},
 {"shoe_id":"M1", "image_link":"m1c3o4", "color_id":"C3", "orientation":"O4"},
 {"shoe_id":"M1", "image_link":"m1c3o5", "color_id":"c3", "orientation":"O5"},
 {"shoe_id":"M1", "image_link":"m1c4o0", "color_id":"C4", "orientation":"o0"},
 {"shoe_id":"M1", "image_link":"m1c4o1", "color_id":"C4", "orientation":"o1"},
 {"shoe_id":"M1", "image_link":"m1c4o2", "color_id":"C4", "orientation":"o2"},
 {"shoe_id":"M1", "image_link":"m1c4o3", "color_id":"C4", "orientation":"o3"},
 {"shoe_id":"M1", "image_link":"m1c4o4", "color_id":"C4", "orientation":"o4"},
 {"shoe_id":"M1", "image_link":"m1c4o5", "color_id":"C4", "orientation":"o5"},
 {"shoe_id":"M10", "image_link":"m10c0o0", "color_id":"C0", "orientation":"O0"},
 {"shoe_id":"M10", "image_link":"m10c0o1", "color_id":"C0", "orientation":"O1"},
 {"shoe_id":"M10", "image_link":"m10c0o2", "color_id":"C0", "orientation":"O2"},
 {"shoe_id":"M10", "image_link":"m10c0o3", "color_id":"C0", "orientation":"O3"},
 {"shoe_id":"M10", "image_link":"m10c0o4", "color_id":"C0", "orientation":"O4"},
 {"shoe_id":"M10", "image_link":"m10c0o5", "color_id":"c0", "orientation":"O5"},
 {"shoe_id":"M10", "image_link":"m10c1o0", "color_id":"C1", "orientation":"O0"},
 {"shoe_id":"M10", "image_link":"m10c1o1", "color_id":"C1", "orientation":"O1"},
 {"shoe_id":"M10", "image_link":"m10c1o2", "color_id":"C1", "orientation":"O2"},
 {"shoe_id":"M10", "image_link":"m10c1o3", "color_id":"C1", "orientation":"O3"},
 {"shoe_id":"M10", "image_link":"m10c1o4", "color_id":"C1", "orientation":"O4"},
 {"shoe_id":"M10", "image_link":"m10c1o5", "color_id":"c1", "orientation":"O5"},
 {"shoe_id":"M10", "image_link":"m10c2o0", "color_id":"C2", "orientation":"O0"},
 {"shoe_id":"M10", "image_link":"m10c2o1", "color_id":"C2", "orientation":"O1"},
 {"shoe_id":"M10", "image_link":"m10c2o2", "color_id":"C2", "orientation":"O2"},
 {"shoe_id":"M10", "image_link":"m10c2o3", "color_id":"C2", "orientation":"O3"},
 {"shoe_id":"M10", "image_link":"m10c2o4", "color_id":"C2", "orientation":"O4"},
 {"shoe_id":"M10", "image_link":"m10c2o5", "color_id":"c2", "orientation":"O5"},
 {"shoe_id":"M10", "image_link":"m10c3o0", "color_id":"C3", "orientation":"O0"},
 {"shoe_id":"M10", "image_link":"m10c3o1", "color_id":"C3", "orientation":"O1"},
 {"shoe_id":"M10", "image_link":"m10c3o2", "color_id":"C3", "orientation":"O2"},
 {"shoe_id":"M10", "image_link":"m10c3o3", "color_id":"C3", "orientation":"O3"},
 {"shoe_id":"M10", "image_link":"m10c3o4", "color_id":"C3", "orientation":"O4"},
 {"shoe_id":"M10", "image_link":"m10c3o5", "color_id":"c3", "orientation":"O5"},
 {"shoe_id":"M11", "image_link":"m11c0o0", "color_id":"C0", "orientation":"O0"},
 {"shoe_id":"M11", "image_link":"m11c0o1", "color_id":"C0", "orientation":"O1"},
 {"shoe_id":"M11", "image_link":"m11c0o2", "color_id":"C0", "orientation":"O2"},
 {"shoe_id":"M11", "image_link":"m11c0o3", "color_id":"C0", "orientation":"O3"},
 {"shoe_id":"M11", "image_link":"m11c0o4", "color_id":"C0", "orientation":"O4"},
 {"shoe_id":"M11", "image_link":"m11c0o5", "color_id":"c0", "orientation":"O5"},
 {"shoe_id":"M11", "image_link":"m11c1o0", "color_id":"C1", "orientation":"O0"},
 {"shoe_id":"M11", "image_link":"m11c1o1", "color_id":"C1", "orientation":"O1"},
 {"shoe_id":"M11", "image_link":"m11c1o2", "color_id":"C1", "orientation":"O2"},
 {"shoe_id":"M11", "image_link":"m11c1o3", "color_id":"C1", "orientation":"O3"},
 {"shoe_id":"M11", "image_link":"m11c1o4", "color_id":"C1", "orientation":"O4"},
 {"shoe_id":"M11", "image_link":"m11c1o5", "color_id":"c1", "orientation":"O5"},
 {"shoe_id":"M11", "image_link":"m11c2o0", "color_id":"C2", "orientation":"O0"},
 {"shoe_id":"M11", "image_link":"m11c2o1", "color_id":"C2", "orientation":"O1"},
 {"shoe_id":"M11", "image_link":"m11c2o2", "color_id":"C2", "orientation":"O2"},
 {"shoe_id":"M11", "image_link":"m11c2o3", "color_id":"C2", "orientation":"O3"},
 {"shoe_id":"M11", "image_link":"m11c2o4", "color_id":"C2", "orientation":"O4"},
 {"shoe_id":"M11", "image_link":"m11c2o5", "color_id":"c2", "orientation":"O5"},
 {"shoe_id":"M11", "image_link":"m11c3o0", "color_id":"C3", "orientation":"O0"},
 {"shoe_id":"M11", "image_link":"m11c3o1", "color_id":"C3", "orientation":"O1"},
 {"shoe_id":"M11", "image_link":"m11c3o2", "color_id":"C3", "orientation":"O2"},
 {"shoe_id":"M11", "image_link":"m11c3o3", "color_id":"C3", "orientation":"O3"},
 {"shoe_id":"M11", "image_link":"m11c3o4", "color_id":"C3", "orientation":"O4"},
 {"shoe_id":"M11", "image_link":"m11c3o5", "color_id":"c3", "orientation":"O5"},
 {"shoe_id":"M12", "image_link":"m12c0o0", "color_id":"C0", "orientation":"O0"},
 {"shoe_id":"M12", "image_link":"m12c0o1", "color_id":"C0", "orientation":"O1"},
 {"shoe_id":"M12", "image_link":"m12c0o2", "color_id":"C0", "orientation":"O2"},
 {"shoe_id":"M12", "image_link":"m12c0o3", "color_id":"C0", "orientation":"O3"},
 {"shoe_id":"M12", "image_link":"m12c0o4", "color_id":"C0", "orientation":"O4"},
 {"shoe_id":"M12", "image_link":"m12c0o5", "color_id":"c0", "orientation":"O5"},
 {"shoe_id":"M12", "image_link":"m12c1o0", "color_id":"C1", "orientation":"O0"},
 {"shoe_id":"M12", "image_link":"m12c1o1", "color_id":"C1", "orientation":"O1"},
 {"shoe_id":"M12", "image_link":"m12c1o2", "color_id":"C1", "orientation":"O2"},
 {"shoe_id":"M12", "image_link":"m12c1o3", "color_id":"C1", "orientation":"O3"},
 {"shoe_id":"M12", "image_link":"m12c1o4", "color_id":"C1", "orientation":"O4"},
 {"shoe_id":"M12", "image_link":"m12c1o5", "color_id":"c1", "orientation":"O5"},
 {"shoe_id":"M12", "image_link":"m12c2o0", "color_id":"C2", "orientation":"O0"},
 {"shoe_id":"M12", "image_link":"m12c2o1", "color_id":"C2", "orientation":"O1"},
 {"shoe_id":"M12", "image_link":"m12c2o2", "color_id":"C2", "orientation":"O2"},
 {"shoe_id":"M12", "image_link":"m12c2o3", "color_id":"C2", "orientation":"O3"},
 {"shoe_id":"M12", "image_link":"m12c2o4", "color_id":"C2", "orientation":"O4"},
 {"shoe_id":"M12", "image_link":"m12c2o5", "color_id":"c2", "orientation":"O5"},
 {"shoe_id":"M12", "image_link":"m12c3o0", "color_id":"C3", "orientation":"O0"},
 {"shoe_id":"M12", "image_link":"m12c3o1", "color_id":"C3", "orientation":"O1"},
 {"shoe_id":"M12", "image_link":"m12c3o2", "color_id":"C3", "orientation":"O2"},
 {"shoe_id":"M12", "image_link":"m12c3o3", "color_id":"C3", "orientation":"O3"},
 {"shoe_id":"M12", "image_link":"m12c3o4", "color_id":"C3", "orientation":"O4"},
 {"shoe_id":"M12", "image_link":"m12c3o5", "color_id":"c3", "orientation":"O5"},
 {"shoe_id":"M13", "image_link":"m13c0o0", "color_id":"C0", "orientation":"O0"},
 {"shoe_id":"M13", "image_link":"m13c0o1", "color_id":"C0", "orientation":"O1"},
 {"shoe_id":"M13", "image_link":"m13c0o2", "color_id":"C0", "orientation":"O2"},
 {"shoe_id":"M13", "image_link":"m13c0o3", "color_id":"C0", "orientation":"O3"},
 {"shoe_id":"M13", "image_link":"m13c0o4", "color_id":"C0", "orientation":"O4"},
 {"shoe_id":"M13", "image_link":"m13c0o5", "color_id":"c0", "orientation":"O5"},
 {"shoe_id":"M13", "image_link":"m13c1o0", "color_id":"C1", "orientation":"O0"},
 {"shoe_id":"M13", "image_link":"m13c1o1", "color_id":"C1", "orientation":"O1"},
 {"shoe_id":"M13", "image_link":"m13c1o2", "color_id":"C1", "orientation":"O2"},
 {"shoe_id":"M13", "image_link":"m13c1o3", "color_id":"C1", "orientation":"O3"},
 {"shoe_id":"M13", "image_link":"m13c1o4", "color_id":"C1", "orientation":"O4"},
 {"shoe_id":"M13", "image_link":"m13c1o5", "color_id":"c1", "orientation":"O5"},
 {"shoe_id":"M13", "image_link":"m13c2o0", "color_id":"C2", "orientation":"O0"},
 {"shoe_id":"M13", "image_link":"m13c2o1", "color_id":"C2", "orientation":"O1"},
 {"shoe_id":"M13", "image_link":"m13c2o2", "color_id":"C2", "orientation":"O2"},
 {"shoe_id":"M13", "image_link":"m13c2o3", "color_id":"C2", "orientation":"O3"},
 {"shoe_id":"M13", "image_link":"m13c2o4", "color_id":"C2", "orientation":"O4"},
 {"shoe_id":"M13", "image_link":"m13c2o5", "color_id":"c2", "orientation":"O5"},
 {"shoe_id":"M13", "image_link":"m13c3o0", "color_id":"C3", "orientation":"O0"},
 {"shoe_id":"M13", "image_link":"m13c3o1", "color_id":"C3", "orientation":"O1"},
 {"shoe_id":"M13", "image_link":"m13c3o2", "color_id":"C3", "orientation":"O2"},
 {"shoe_id":"M13", "image_link":"m13c3o3", "color_id":"C3", "orientation":"O3"},
 {"shoe_id":"M13", "image_link":"m13c3o4", "color_id":"C3", "orientation":"O4"},
 {"shoe_id":"M13", "image_link":"m13c3o5", "color_id":"c3", "orientation":"O5"},
 {"shoe_id":"M14", "image_link":"m14c0o0", "color_id":"C0", "orientation":"O0"},
 {"shoe_id":"M14", "image_link":"m14c0o1", "color_id":"C0", "orientation":"O1"},
 {"shoe_id":"M14", "image_link":"m14c0o2", "color_id":"C0", "orientation":"O2"},
 {"shoe_id":"M14", "image_link":"m14c0o3", "color_id":"C0", "orientation":"O3"},
 {"shoe_id":"M14", "image_link":"m14c0o4", "color_id":"C0", "orientation":"O4"},
 {"shoe_id":"M14", "image_link":"m14c0o5", "color_id":"c0", "orientation":"O5"},
 {"shoe_id":"M14", "image_link":"m14c1o0", "color_id":"C1", "orientation":"O0"},
 {"shoe_id":"M14", "image_link":"m14c1o1", "color_id":"C1", "orientation":"O1"},
 {"shoe_id":"M14", "image_link":"m14c1o2", "color_id":"C1", "orientation":"O2"},
 {"shoe_id":"M14", "image_link":"m14c1o3", "color_id":"C1", "orientation":"O3"},
 {"shoe_id":"M14", "image_link":"m14c1o4", "color_id":"C1", "orientation":"O4"},
 {"shoe_id":"M14", "image_link":"m14c1o5", "color_id":"c1", "orientation":"O5"},
 {"shoe_id":"M14", "image_link":"m14c2o0", "color_id":"C2", "orientation":"O0"},
 {"shoe_id":"M14", "image_link":"m14c2o1", "color_id":"C2", "orientation":"O1"},
 {"shoe_id":"M14", "image_link":"m14c2o2", "color_id":"C2", "orientation":"O2"},
 {"shoe_id":"M14", "image_link":"m14c2o3", "color_id":"C2", "orientation":"O3"},
 {"shoe_id":"M14", "image_link":"m14c2o4", "color_id":"C2", "orientation":"O4"},
 {"shoe_id":"M14", "image_link":"m14c2o5", "color_id":"c2", "orientation":"O5"},
 {"shoe_id":"M14", "image_link":"m14c3o0", "color_id":"C3", "orientation":"O0"},
 {"shoe_id":"M14", "image_link":"m14c3o1", "color_id":"C3", "orientation":"O1"},
 {"shoe_id":"M14", "image_link":"m14c3o2", "color_id":"C3", "orientation":"O2"},
 {"shoe_id":"M14", "image_link":"m14c3o3", "color_id":"C3", "orientation":"O3"},
 {"shoe_id":"M14", "image_link":"m14c3o4", "color_id":"C3", "orientation":"O4"},
 {"shoe_id":"M14", "image_link":"m14c3o5", "color_id":"c3", "orientation":"O5"},
 {"shoe_id":"M15", "image_link":"m15c0o0", "color_id":"C0", "orientation":"O0"},
 {"shoe_id":"M15", "image_link":"m15c0o1", "color_id":"C0", "orientation":"O1"},
 {"shoe_id":"M15", "image_link":"m15c0o2", "color_id":"C0", "orientation":"O2"},
 {"shoe_id":"M15", "image_link":"m15c0o3", "color_id":"C0", "orientation":"O3"},
 {"shoe_id":"M15", "image_link":"m15c0o4", "color_id":"C0", "orientation":"O4"},
 {"shoe_id":"M15", "image_link":"m15c0o5", "color_id":"c0", "orientation":"O5"},
 {"shoe_id":"M15", "image_link":"m15c1o0", "color_id":"C1", "orientation":"O0"},
 {"shoe_id":"M15", "image_link":"m15c1o1", "color_id":"C1", "orientation":"O1"},
 {"shoe_id":"M15", "image_link":"m15c1o2", "color_id":"C1", "orientation":"O2"},
 {"shoe_id":"M15", "image_link":"m15c1o3", "color_id":"C1", "orientation":"O3"},
 {"shoe_id":"M15", "image_link":"m15c1o4", "color_id":"C1", "orientation":"O4"},
 {"shoe_id":"M15", "image_link":"m15c1o5", "color_id":"c1", "orientation":"O5"},
 {"shoe_id":"M15", "image_link":"m15c2o0", "color_id":"C2", "orientation":"O0"},
 {"shoe_id":"M15", "image_link":"m15c2o1", "color_id":"C2", "orientation":"O1"},
 {"shoe_id":"M15", "image_link":"m15c2o2", "color_id":"C2", "orientation":"O2"},
 {"shoe_id":"M15", "image_link":"m15c2o3", "color_id":"C2", "orientation":"O3"},
 {"shoe_id":"M15", "image_link":"m15c2o4", "color_id":"C2", "orientation":"O4"},
 {"shoe_id":"M15", "image_link":"m15c2o5", "color_id":"c2", "orientation":"O5"},
 {"shoe_id":"M15", "image_link":"m15c3o0", "color_id":"C3", "orientation":"O0"},
 {"shoe_id":"M15", "image_link":"m15c3o1", "color_id":"C3", "orientation":"O1"},
 {"shoe_id":"M15", "image_link":"m15c3o2", "color_id":"C3", "orientation":"O2"},
 {"shoe_id":"M15", "image_link":"m15c3o3", "color_id":"C3", "orientation":"O3"},
 {"shoe_id":"M15", "image_link":"m15c3o4", "color_id":"C3", "orientation":"O4"},
 {"shoe_id":"M15", "image_link":"m15c3o5", "color_id":"c3", "orientation":"O5"},
 {"shoe_id":"M16", "image_link":"m16c0o0", "color_id":"C0", "orientation":"O0"},
 {"shoe_id":"M16", "image_link":"m16c0o1", "color_id":"C0", "orientation":"O1"},
 {"shoe_id":"M16", "image_link":"m16c0o2", "color_id":"C0", "orientation":"O2"},
 {"shoe_id":"M16", "image_link":"m16c0o3", "color_id":"C0", "orientation":"O3"},
 {"shoe_id":"M16", "image_link":"m16c0o4", "color_id":"C0", "orientation":"O4"},
 {"shoe_id":"M16", "image_link":"m16c0o5", "color_id":"c0", "orientation":"O5"},
 {"shoe_id":"M16", "image_link":"m16c1o0", "color_id":"C1", "orientation":"O0"},
 {"shoe_id":"M16", "image_link":"m16c1o1", "color_id":"C1", "orientation":"O1"},
 {"shoe_id":"M16", "image_link":"m16c1o2", "color_id":"C1", "orientation":"O2"},
 {"shoe_id":"M16", "image_link":"m16c1o3", "color_id":"C1", "orientation":"O3"},
 {"shoe_id":"M16", "image_link":"m16c1o4", "color_id":"C1", "orientation":"O4"},
 {"shoe_id":"M16", "image_link":"m16c1o5", "color_id":"c1", "orientation":"O5"},
 {"shoe_id":"M16", "image_link":"m16c2o0", "color_id":"C2", "orientation":"O0"},
 {"shoe_id":"M16", "image_link":"m16c2o1", "color_id":"C2", "orientation":"O1"},
 {"shoe_id":"M16", "image_link":"m16c2o2", "color_id":"C2", "orientation":"O2"},
 {"shoe_id":"M16", "image_link":"m16c2o3", "color_id":"C2", "orientation":"O3"},
 {"shoe_id":"M16", "image_link":"m16c2o4", "color_id":"C2", "orientation":"O4"},
 {"shoe_id":"M16", "image_link":"m16c2o5", "color_id":"c2", "orientation":"O5"},
 {"shoe_id":"M16", "image_link":"m16c3o0", "color_id":"C3", "orientation":"O0"},
 {"shoe_id":"M16", "image_link":"m16c3o1", "color_id":"C3", "orientation":"O1"},
 {"shoe_id":"M16", "image_link":"m16c3o2", "color_id":"C3", "orientation":"O2"},
 {"shoe_id":"M16", "image_link":"m16c3o3", "color_id":"C3", "orientation":"O3"},
 {"shoe_id":"M16", "image_link":"m16c3o4", "color_id":"C3", "orientation":"O4"},
 {"shoe_id":"M16", "image_link":"m16c3o5", "color_id":"c3", "orientation":"O5"},
 {"shoe_id":"M17", "image_link":"m17c0o0", "color_id":"C0", "orientation":"O0"},
 {"shoe_id":"M17", "image_link":"m17c0o1", "color_id":"C0", "orientation":"O1"},
 {"shoe_id":"M17", "image_link":"m17c0o2", "color_id":"C0", "orientation":"O2"},
 {"shoe_id":"M17", "image_link":"m17c0o3", "color_id":"C0", "orientation":"O3"},
 {"shoe_id":"M17", "image_link":"m17c0o4", "color_id":"C0", "orientation":"O4"},
 {"shoe_id":"M17", "image_link":"m17c0o5", "color_id":"c0", "orientation":"O5"},
 {"shoe_id":"M17", "image_link":"m17c1o0", "color_id":"C1", "orientation":"O0"},
 {"shoe_id":"M17", "image_link":"m17c1o1", "color_id":"C1", "orientation":"O1"},
 {"shoe_id":"M17", "image_link":"m17c1o2", "color_id":"C1", "orientation":"O2"},
 {"shoe_id":"M17", "image_link":"m17c1o3", "color_id":"C1", "orientation":"O3"},
 {"shoe_id":"M17", "image_link":"m17c1o4", "color_id":"C1", "orientation":"O4"},
 {"shoe_id":"M17", "image_link":"m17c1o5", "color_id":"c1", "orientation":"O5"},
 {"shoe_id":"M17", "image_link":"m17c2o0", "color_id":"C2", "orientation":"O0"},
 {"shoe_id":"M17", "image_link":"m17c2o1", "color_id":"C2", "orientation":"O1"},
 {"shoe_id":"M17", "image_link":"m17c2o2", "color_id":"C2", "orientation":"O2"},
 {"shoe_id":"M17", "image_link":"m17c2o3", "color_id":"C2", "orientation":"O3"},
 {"shoe_id":"M17", "image_link":"m17c2o4", "color_id":"C2", "orientation":"O4"},
 {"shoe_id":"M17", "image_link":"m17c2o5", "color_id":"c2", "orientation":"O5"},
 {"shoe_id":"M17", "image_link":"m17c3o0", "color_id":"C3", "orientation":"O0"},
 {"shoe_id":"M17", "image_link":"m17c3o1", "color_id":"C3", "orientation":"O1"},
 {"shoe_id":"M17", "image_link":"m17c3o2", "color_id":"C3", "orientation":"O2"},
 {"shoe_id":"M17", "image_link":"m17c3o3", "color_id":"C3", "orientation":"O3"},
 {"shoe_id":"M17", "image_link":"m17c3o4", "color_id":"C3", "orientation":"O4"},
 {"shoe_id":"M17", "image_link":"m17c3o5", "color_id":"c3", "orientation":"O5"},
 {"shoe_id":"M18", "image_link":"m18c0o0", "color_id":"C0", "orientation":"O0"},
 {"shoe_id":"M18", "image_link":"m18c0o1", "color_id":"C0", "orientation":"O1"},
 {"shoe_id":"M18", "image_link":"m18c0o2", "color_id":"C0", "orientation":"O2"},
 {"shoe_id":"M18", "image_link":"m18c0o3", "color_id":"C0", "orientation":"O3"},
 {"shoe_id":"M18", "image_link":"m18c0o4", "color_id":"C0", "orientation":"O4"},
 {"shoe_id":"M18", "image_link":"m18c0o5", "color_id":"c0", "orientation":"O5"},
 {"shoe_id":"M18", "image_link":"m18c1o0", "color_id":"C1", "orientation":"O0"},
 {"shoe_id":"M18", "image_link":"m18c1o1", "color_id":"C1", "orientation":"O1"},
 {"shoe_id":"M18", "image_link":"m18c1o2", "color_id":"C1", "orientation":"O2"},
 {"shoe_id":"M18", "image_link":"m18c1o3", "color_id":"C1", "orientation":"O3"},
 {"shoe_id":"M18", "image_link":"m18c1o4", "color_id":"C1", "orientation":"O4"},
 {"shoe_id":"M18", "image_link":"m18c1o5", "color_id":"c1", "orientation":"O5"},
 {"shoe_id":"M18", "image_link":"m18c2o0", "color_id":"C2", "orientation":"O0"},
 {"shoe_id":"M18", "image_link":"m18c2o1", "color_id":"C2", "orientation":"O1"},
 {"shoe_id":"M18", "image_link":"m18c2o2", "color_id":"C2", "orientation":"O2"},
 {"shoe_id":"M18", "image_link":"m18c2o3", "color_id":"C2", "orientation":"O3"},
 {"shoe_id":"M18", "image_link":"m18c2o4", "color_id":"C2", "orientation":"O4"},
 {"shoe_id":"M18", "image_link":"m18c2o5", "color_id":"c2", "orientation":"O5"},
 {"shoe_id":"M18", "image_link":"m18c3o0", "color_id":"C3", "orientation":"O0"},
 {"shoe_id":"M18", "image_link":"m18c3o1", "color_id":"C3", "orientation":"O1"},
 {"shoe_id":"M18", "image_link":"m18c3o2", "color_id":"C3", "orientation":"O2"},
 {"shoe_id":"M18", "image_link":"m18c3o3", "color_id":"C3", "orientation":"O3"},
 {"shoe_id":"M18", "image_link":"m18c3o4", "color_id":"C3", "orientation":"O4"},
 {"shoe_id":"M18", "image_link":"m18c3o5", "color_id":"c3", "orientation":"O5"},
 {"shoe_id":"M19", "image_link":"m19c0o0", "color_id":"C0", "orientation":"O0"},
 {"shoe_id":"M19", "image_link":"m19c0o1", "color_id":"C0", "orientation":"O1"},
 {"shoe_id":"M19", "image_link":"m19c0o2", "color_id":"C0", "orientation":"O2"},
 {"shoe_id":"M19", "image_link":"m19c0o3", "color_id":"C0", "orientation":"O3"},
 {"shoe_id":"M19", "image_link":"m19c0o4", "color_id":"C0", "orientation":"O4"},
 {"shoe_id":"M19", "image_link":"m19c0o5", "color_id":"c0", "orientation":"O5"},
 {"shoe_id":"M19", "image_link":"m19c1o0", "color_id":"C1", "orientation":"O0"},
 {"shoe_id":"M19", "image_link":"m19c1o1", "color_id":"C1", "orientation":"O1"},
 {"shoe_id":"M19", "image_link":"m19c1o2", "color_id":"C1", "orientation":"O2"},
 {"shoe_id":"M19", "image_link":"m19c1o3", "color_id":"C1", "orientation":"O3"},
 {"shoe_id":"M19", "image_link":"m19c1o4", "color_id":"C1", "orientation":"O4"},
 {"shoe_id":"M19", "image_link":"m19c1o5", "color_id":"c1", "orientation":"O5"},
 {"shoe_id":"M19", "image_link":"m19c2o0", "color_id":"C2", "orientation":"O0"},
 {"shoe_id":"M19", "image_link":"m19c2o1", "color_id":"C2", "orientation":"O1"},
 {"shoe_id":"M19", "image_link":"m19c2o2", "color_id":"C2", "orientation":"O2"},
 {"shoe_id":"M19", "image_link":"m19c2o3", "color_id":"C2", "orientation":"O3"},
 {"shoe_id":"M19", "image_link":"m19c2o4", "color_id":"C2", "orientation":"O4"},
 {"shoe_id":"M19", "image_link":"m19c2o5", "color_id":"c2", "orientation":"O5"},
 {"shoe_id":"M19", "image_link":"m19c3o0", "color_id":"C3", "orientation":"O0"},
 {"shoe_id":"M19", "image_link":"m19c3o1", "color_id":"C3", "orientation":"O1"},
 {"shoe_id":"M19", "image_link":"m19c3o2", "color_id":"C3", "orientation":"O2"},
 {"shoe_id":"M19", "image_link":"m19c3o3", "color_id":"C3", "orientation":"O3"},
 {"shoe_id":"M19", "image_link":"m19c3o4", "color_id":"C3", "orientation":"O4"},
 {"shoe_id":"M19", "image_link":"m19c3o5", "color_id":"c3", "orientation":"O5"},
 {"shoe_id":"M2", "image_link":"m2c0o0", "color_id":"C0", "orientation":"O0"},
 {"shoe_id":"M2", "image_link":"m2c0o1", "color_id":"C0", "orientation":"O1"},
 {"shoe_id":"M2", "image_link":"m2c0o2", "color_id":"C0", "orientation":"O2"},
 {"shoe_id":"M2", "image_link":"m2c0o3", "color_id":"C0", "orientation":"O3"},
 {"shoe_id":"M2", "image_link":"m2c0o4", "color_id":"C0", "orientation":"O4"},
 {"shoe_id":"M2", "image_link":"m2c0o5", "color_id":"c0", "orientation":"O5"},
 {"shoe_id":"M2", "image_link":"m2c1o0", "color_id":"C1", "orientation":"O0"},
 {"shoe_id":"M2", "image_link":"m2c1o1", "color_id":"C1", "orientation":"O1"},
 {"shoe_id":"M2", "image_link":"m2c1o2", "color_id":"C1", "orientation":"O2"},
 {"shoe_id":"M2", "image_link":"m2c1o3", "color_id":"C1", "orientation":"O3"},
 {"shoe_id":"M2", "image_link":"m2c1o4", "color_id":"C1", "orientation":"O4"},
 {"shoe_id":"M2", "image_link":"m2c1o5", "color_id":"c1", "orientation":"O5"},
 {"shoe_id":"M2", "image_link":"m2c2o0", "color_id":"C2", "orientation":"O0"},
 {"shoe_id":"M2", "image_link":"m2c2o1", "color_id":"C2", "orientation":"O1"},
 {"shoe_id":"M2", "image_link":"m2c2o2", "color_id":"C2", "orientation":"O2"},
 {"shoe_id":"M2", "image_link":"m2c2o3", "color_id":"C2", "orientation":"O3"},
 {"shoe_id":"M2", "image_link":"m2c2o4", "color_id":"C2", "orientation":"O4"},
 {"shoe_id":"M2", "image_link":"m2c2o5", "color_id":"c2", "orientation":"O5"},
 {"shoe_id":"M2", "image_link":"m2c3o0", "color_id":"C3", "orientation":"O0"},
 {"shoe_id":"M2", "image_link":"m2c3o1", "color_id":"C3", "orientation":"O1"},
 {"shoe_id":"M2", "image_link":"m2c3o2", "color_id":"C3", "orientation":"O2"},
 {"shoe_id":"M2", "image_link":"m2c3o3", "color_id":"C3", "orientation":"O3"},
 {"shoe_id":"M2", "image_link":"m2c3o4", "color_id":"C3", "orientation":"O4"},
 {"shoe_id":"M2", "image_link":"m2c3o5", "color_id":"c3", "orientation":"O5"},
 {"shoe_id":"M20", "image_link":"m20c0o0", "color_id":"C0", "orientation":"O0"},
 {"shoe_id":"M20", "image_link":"m20c0o1", "color_id":"C0", "orientation":"O1"},
 {"shoe_id":"M20", "image_link":"m20c0o2", "color_id":"C0", "orientation":"O2"},
 {"shoe_id":"M20", "image_link":"m20c0o3", "color_id":"C0", "orientation":"O3"},
 {"shoe_id":"M20", "image_link":"m20c0o4", "color_id":"C0", "orientation":"O4"},
 {"shoe_id":"M20", "image_link":"m20c0o5", "color_id":"c0", "orientation":"O5"},
 {"shoe_id":"M20", "image_link":"m20c1o0", "color_id":"C1", "orientation":"O0"},
 {"shoe_id":"M20", "image_link":"m20c1o1", "color_id":"C1", "orientation":"O1"},
 {"shoe_id":"M20", "image_link":"m20c1o2", "color_id":"C1", "orientation":"O2"},
 {"shoe_id":"M20", "image_link":"m20c1o3", "color_id":"C1", "orientation":"O3"},
 {"shoe_id":"M20", "image_link":"m20c1o4", "color_id":"C1", "orientation":"O4"},
 {"shoe_id":"M20", "image_link":"m20c1o5", "color_id":"c1", "orientation":"O5"},
 {"shoe_id":"M20", "image_link":"m20c2o0", "color_id":"C2", "orientation":"O0"},
 {"shoe_id":"M20", "image_link":"m20c2o1", "color_id":"C2", "orientation":"O1"},
 {"shoe_id":"M20", "image_link":"m20c2o2", "color_id":"C2", "orientation":"O2"},
 {"shoe_id":"M20", "image_link":"m20c2o3", "color_id":"C2", "orientation":"O3"},
 {"shoe_id":"M20", "image_link":"m20c2o4", "color_id":"C2", "orientation":"O4"},
 {"shoe_id":"M20", "image_link":"m20c2o5", "color_id":"c2", "orientation":"O5"},
 {"shoe_id":"M20", "image_link":"m20c3o0", "color_id":"C3", "orientation":"O0"},
 {"shoe_id":"M20", "image_link":"m20c3o1", "color_id":"C3", "orientation":"O1"},
 {"shoe_id":"M20", "image_link":"m20c3o2", "color_id":"C3", "orientation":"O2"},
 {"shoe_id":"M20", "image_link":"m20c3o3", "color_id":"C3", "orientation":"O3"},
 {"shoe_id":"M20", "image_link":"m20c3o4", "color_id":"C3", "orientation":"O4"},
 {"shoe_id":"M20", "image_link":"m20c3o5", "color_id":"c3", "orientation":"O5"},
 {"shoe_id":"M21", "image_link":"m21c0o0", "color_id":"C0", "orientation":"O0"},
 {"shoe_id":"M21", "image_link":"m21c0o1", "color_id":"C0", "orientation":"O1"},
 {"shoe_id":"M21", "image_link":"m21c0o2", "color_id":"C0", "orientation":"O2"},
 {"shoe_id":"M21", "image_link":"m21c0o3", "color_id":"C0", "orientation":"O3"},
 {"shoe_id":"M21", "image_link":"m21c0o4", "color_id":"C0", "orientation":"O4"},
 {"shoe_id":"M21", "image_link":"m21c0o5", "color_id":"c0", "orientation":"O5"},
 {"shoe_id":"M21", "image_link":"m21c1o0", "color_id":"C1", "orientation":"O0"},
 {"shoe_id":"M21", "image_link":"m21c1o1", "color_id":"C1", "orientation":"O1"},
 {"shoe_id":"M21", "image_link":"m21c1o2", "color_id":"C1", "orientation":"O2"},
 {"shoe_id":"M21", "image_link":"m21c1o3", "color_id":"C1", "orientation":"O3"},
 {"shoe_id":"M21", "image_link":"m21c1o4", "color_id":"C1", "orientation":"O4"},
 {"shoe_id":"M21", "image_link":"m21c1o5", "color_id":"c1", "orientation":"O5"},
 {"shoe_id":"M21", "image_link":"m21c2o0", "color_id":"C2", "orientation":"O0"},
 {"shoe_id":"M21", "image_link":"m21c2o1", "color_id":"C2", "orientation":"O1"},
 {"shoe_id":"M21", "image_link":"m21c2o2", "color_id":"C2", "orientation":"O2"},
 {"shoe_id":"M21", "image_link":"m21c2o3", "color_id":"C2", "orientation":"O3"},
 {"shoe_id":"M21", "image_link":"m21c2o4", "color_id":"C2", "orientation":"O4"},
 {"shoe_id":"M21", "image_link":"m21c2o5", "color_id":"c2", "orientation":"O5"},
 {"shoe_id":"M21", "image_link":"m21c3o0", "color_id":"C3", "orientation":"O0"},
 {"shoe_id":"M21", "image_link":"m21c3o1", "color_id":"C3", "orientation":"O1"},
 {"shoe_id":"M21", "image_link":"m21c3o2", "color_id":"C3", "orientation":"O2"},
 {"shoe_id":"M21", "image_link":"m21c3o3", "color_id":"C3", "orientation":"O3"},
 {"shoe_id":"M21", "image_link":"m21c3o4", "color_id":"C3", "orientation":"O4"},
 {"shoe_id":"M21", "image_link":"m21c3o5", "color_id":"c3", "orientation":"O5"},
 {"shoe_id":"M22", "image_link":"m22c0o0", "color_id":"C0", "orientation":"O0"},
 {"shoe_id":"M22", "image_link":"m22c0o1", "color_id":"C0", "orientation":"O1"},
 {"shoe_id":"M22", "image_link":"m22c0o2", "color_id":"C0", "orientation":"O2"},
 {"shoe_id":"M22", "image_link":"m22c0o3", "color_id":"C0", "orientation":"O3"},
 {"shoe_id":"M22", "image_link":"m22c0o4", "color_id":"C0", "orientation":"O4"},
 {"shoe_id":"M22", "image_link":"m22c0o5", "color_id":"c0", "orientation":"O5"},
 {"shoe_id":"M22", "image_link":"m22c1o0", "color_id":"C1", "orientation":"O0"},
 {"shoe_id":"M22", "image_link":"m22c1o1", "color_id":"C1", "orientation":"O1"},
 {"shoe_id":"M22", "image_link":"m22c1o2", "color_id":"C1", "orientation":"O2"},
 {"shoe_id":"M22", "image_link":"m22c1o3", "color_id":"C1", "orientation":"O3"},
 {"shoe_id":"M22", "image_link":"m22c1o4", "color_id":"C1", "orientation":"O4"},
 {"shoe_id":"M22", "image_link":"m22c1o5", "color_id":"c1", "orientation":"O5"},
 {"shoe_id":"M22", "image_link":"m22c2o0", "color_id":"C2", "orientation":"O0"},
 {"shoe_id":"M22", "image_link":"m22c2o1", "color_id":"C2", "orientation":"O1"},
 {"shoe_id":"M22", "image_link":"m22c2o2", "color_id":"C2", "orientation":"O2"},
 {"shoe_id":"M22", "image_link":"m22c2o3", "color_id":"C2", "orientation":"O3"},
 {"shoe_id":"M22", "image_link":"m22c2o4", "color_id":"C2", "orientation":"O4"},
 {"shoe_id":"M22", "image_link":"m22c2o5", "color_id":"c2", "orientation":"O5"},
 {"shoe_id":"M22", "image_link":"m22c3o0", "color_id":"C3", "orientation":"O0"},
 {"shoe_id":"M22", "image_link":"m22c3o1", "color_id":"C3", "orientation":"O1"},
 {"shoe_id":"M22", "image_link":"m22c3o2", "color_id":"C3", "orientation":"O2"},
 {"shoe_id":"M22", "image_link":"m22c3o3", "color_id":"C3", "orientation":"O3"},
 {"shoe_id":"M22", "image_link":"m22c3o4", "color_id":"C3", "orientation":"O4"},
 {"shoe_id":"M22", "image_link":"m22c3o5", "color_id":"c3", "orientation":"O5"},
 {"shoe_id":"M23", "image_link":"m23c0o0", "color_id":"C0", "orientation":"O0"},
 {"shoe_id":"M23", "image_link":"m23c0o1", "color_id":"C0", "orientation":"O1"},
 {"shoe_id":"M23", "image_link":"m23c0o2", "color_id":"C0", "orientation":"O2"},
 {"shoe_id":"M23", "image_link":"m23c0o3", "color_id":"C0", "orientation":"O3"},
 {"shoe_id":"M23", "image_link":"m23c0o4", "color_id":"C0", "orientation":"O4"},
 {"shoe_id":"M23", "image_link":"m23c0o5", "color_id":"c0", "orientation":"O5"},
 {"shoe_id":"M23", "image_link":"m23c1o0", "color_id":"C1", "orientation":"O0"},
 {"shoe_id":"M23", "image_link":"m23c1o1", "color_id":"C1", "orientation":"O1"},
 {"shoe_id":"M23", "image_link":"m23c1o2", "color_id":"C1", "orientation":"O2"},
 {"shoe_id":"M23", "image_link":"m23c1o3", "color_id":"C1", "orientation":"O3"},
 {"shoe_id":"M23", "image_link":"m23c1o4", "color_id":"C1", "orientation":"O4"},
 {"shoe_id":"M23", "image_link":"m23c1o5", "color_id":"c1", "orientation":"O5"},
 {"shoe_id":"M23", "image_link":"m23c2o0", "color_id":"C2", "orientation":"O0"},
 {"shoe_id":"M23", "image_link":"m23c2o1", "color_id":"C2", "orientation":"O1"},
 {"shoe_id":"M23", "image_link":"m23c2o2", "color_id":"C2", "orientation":"O2"},
 {"shoe_id":"M23", "image_link":"m23c2o3", "color_id":"C2", "orientation":"O3"},
 {"shoe_id":"M23", "image_link":"m23c2o4", "color_id":"C2", "orientation":"O4"},
 {"shoe_id":"M23", "image_link":"m23c2o5", "color_id":"c2", "orientation":"O5"},
 {"shoe_id":"M23", "image_link":"m23c3o0", "color_id":"C3", "orientation":"O0"},
 {"shoe_id":"M23", "image_link":"m23c3o1", "color_id":"C3", "orientation":"O1"},
 {"shoe_id":"M23", "image_link":"m23c3o2", "color_id":"C3", "orientation":"O2"},
 {"shoe_id":"M23", "image_link":"m23c3o3", "color_id":"C3", "orientation":"O3"},
 {"shoe_id":"M23", "image_link":"m23c3o4", "color_id":"C3", "orientation":"O4"},
 {"shoe_id":"M23", "image_link":"m23c3o5", "color_id":"c3", "orientation":"O5"},
 {"shoe_id":"M24", "image_link":"m24c0o0", "color_id":"C0", "orientation":"O0"},
 {"shoe_id":"M24", "image_link":"m24c0o1", "color_id":"C0", "orientation":"O1"},
 {"shoe_id":"M24", "image_link":"m24c0o2", "color_id":"C0", "orientation":"O2"},
 {"shoe_id":"M24", "image_link":"m24c0o3", "color_id":"C0", "orientation":"O3"},
 {"shoe_id":"M24", "image_link":"m24c0o4", "color_id":"C0", "orientation":"O4"},
 {"shoe_id":"M24", "image_link":"m24c0o5", "color_id":"c0", "orientation":"O5"},
 {"shoe_id":"M24", "image_link":"m24c1o0", "color_id":"C1", "orientation":"O0"},
 {"shoe_id":"M24", "image_link":"m24c1o1", "color_id":"C1", "orientation":"O1"},
 {"shoe_id":"M24", "image_link":"m24c1o2", "color_id":"C1", "orientation":"O2"},
 {"shoe_id":"M24", "image_link":"m24c1o3", "color_id":"C1", "orientation":"O3"},
 {"shoe_id":"M24", "image_link":"m24c1o4", "color_id":"C1", "orientation":"O4"},
 {"shoe_id":"M24", "image_link":"m24c1o5", "color_id":"c1", "orientation":"O5"},
 {"shoe_id":"M24", "image_link":"m24c2o0", "color_id":"C2", "orientation":"O0"},
 {"shoe_id":"M24", "image_link":"m24c2o1", "color_id":"C2", "orientation":"O1"},
 {"shoe_id":"M24", "image_link":"m24c2o2", "color_id":"C2", "orientation":"O2"},
 {"shoe_id":"M24", "image_link":"m24c2o3", "color_id":"C2", "orientation":"O3"},
 {"shoe_id":"M24", "image_link":"m24c2o4", "color_id":"C2", "orientation":"O4"},
 {"shoe_id":"M24", "image_link":"m24c2o5", "color_id":"c2", "orientation":"O5"},
 {"shoe_id":"M24", "image_link":"m24c3o0", "color_id":"C3", "orientation":"O0"},
 {"shoe_id":"M24", "image_link":"m24c3o1", "color_id":"C3", "orientation":"O1"},
 {"shoe_id":"M24", "image_link":"m24c3o2", "color_id":"C3", "orientation":"O2"},
 {"shoe_id":"M24", "image_link":"m24c3o3", "color_id":"C3", "orientation":"O3"},
 {"shoe_id":"M24", "image_link":"m24c3o4", "color_id":"C3", "orientation":"O4"},
 {"shoe_id":"M24", "image_link":"m24c3o5", "color_id":"c3", "orientation":"O5"},
 {"shoe_id":"M25", "image_link":"m25c0o0", "color_id":"C0", "orientation":"O0"},
 {"shoe_id":"M25", "image_link":"m25c0o1", "color_id":"C0", "orientation":"O1"},
 {"shoe_id":"M25", "image_link":"m25c0o2", "color_id":"C0", "orientation":"O2"},
 {"shoe_id":"M25", "image_link":"m25c0o3", "color_id":"C0", "orientation":"O3"},
 {"shoe_id":"M25", "image_link":"m25c0o4", "color_id":"C0", "orientation":"O4"},
 {"shoe_id":"M25", "image_link":"m25c0o5", "color_id":"c0", "orientation":"O5"},
 {"shoe_id":"M25", "image_link":"m25c1o0", "color_id":"C1", "orientation":"O0"},
 {"shoe_id":"M25", "image_link":"m25c1o1", "color_id":"C1", "orientation":"O1"},
 {"shoe_id":"M25", "image_link":"m25c1o2", "color_id":"C1", "orientation":"O2"},
 {"shoe_id":"M25", "image_link":"m25c1o3", "color_id":"C1", "orientation":"O3"},
 {"shoe_id":"M25", "image_link":"m25c1o4", "color_id":"C1", "orientation":"O4"},
 {"shoe_id":"M25", "image_link":"m25c1o5", "color_id":"c1", "orientation":"O5"},
 {"shoe_id":"M25", "image_link":"m25c2o0", "color_id":"C2", "orientation":"O0"},
 {"shoe_id":"M25", "image_link":"m25c2o1", "color_id":"C2", "orientation":"O1"},
 {"shoe_id":"M25", "image_link":"m25c2o2", "color_id":"C2", "orientation":"O2"},
 {"shoe_id":"M25", "image_link":"m25c2o3", "color_id":"C2", "orientation":"O3"},
 {"shoe_id":"M25", "image_link":"m25c2o4", "color_id":"C2", "orientation":"O4"},
 {"shoe_id":"M25", "image_link":"m25c2o5", "color_id":"c2", "orientation":"O5"},
 {"shoe_id":"M25", "image_link":"m25c3o0", "color_id":"C3", "orientation":"O0"},
 {"shoe_id":"M25", "image_link":"m25c3o1", "color_id":"C3", "orientation":"O1"},
 {"shoe_id":"M25", "image_link":"m25c3o2", "color_id":"C3", "orientation":"O2"},
 {"shoe_id":"M25", "image_link":"m25c3o3", "color_id":"C3", "orientation":"O3"},
 {"shoe_id":"M25", "image_link":"m25c3o4", "color_id":"C3", "orientation":"O4"},
 {"shoe_id":"M25", "image_link":"m25c3o5", "color_id":"c3", "orientation":"O5"},
 {"shoe_id":"M26", "image_link":"m26c0o0", "color_id":"C0", "orientation":"O0"},
 {"shoe_id":"M26", "image_link":"m26c0o1", "color_id":"C0", "orientation":"O1"},
 {"shoe_id":"M26", "image_link":"m26c0o2", "color_id":"C0", "orientation":"O2"},
 {"shoe_id":"M26", "image_link":"m26c0o3", "color_id":"C0", "orientation":"O3"},
 {"shoe_id":"M26", "image_link":"m26c0o4", "color_id":"C0", "orientation":"O4"},
 {"shoe_id":"M26", "image_link":"m26c0o5", "color_id":"c0", "orientation":"O5"},
 {"shoe_id":"M26", "image_link":"m26c1o0", "color_id":"C1", "orientation":"O0"},
 {"shoe_id":"M26", "image_link":"m26c1o1", "color_id":"C1", "orientation":"O1"},
 {"shoe_id":"M26", "image_link":"m26c1o2", "color_id":"C1", "orientation":"O2"},
 {"shoe_id":"M26", "image_link":"m26c1o3", "color_id":"C1", "orientation":"O3"},
 {"shoe_id":"M26", "image_link":"m26c1o4", "color_id":"C1", "orientation":"O4"},
 {"shoe_id":"M26", "image_link":"m26c1o5", "color_id":"c1", "orientation":"O5"},
 {"shoe_id":"M26", "image_link":"m26c2o0", "color_id":"C2", "orientation":"O0"},
 {"shoe_id":"M26", "image_link":"m26c2o1", "color_id":"C2", "orientation":"O1"},
 {"shoe_id":"M26", "image_link":"m26c2o2", "color_id":"C2", "orientation":"O2"},
 {"shoe_id":"M26", "image_link":"m26c2o3", "color_id":"C2", "orientation":"O3"},
 {"shoe_id":"M26", "image_link":"m26c2o4", "color_id":"C2", "orientation":"O4"},
 {"shoe_id":"M26", "image_link":"m26c2o5", "color_id":"c2", "orientation":"O5"},
 {"shoe_id":"M26", "image_link":"m26c3o0", "color_id":"C3", "orientation":"O0"},
 {"shoe_id":"M26", "image_link":"m26c3o1", "color_id":"C3", "orientation":"O1"},
 {"shoe_id":"M26", "image_link":"m26c3o2", "color_id":"C3", "orientation":"O2"},
 {"shoe_id":"M26", "image_link":"m26c3o3", "color_id":"C3", "orientation":"O3"},
 {"shoe_id":"M26", "image_link":"m26c3o4", "color_id":"C3", "orientation":"O4"},
 {"shoe_id":"M26", "image_link":"m26c3o5", "color_id":"c3", "orientation":"O5"},
 {"shoe_id":"M27", "image_link":"m27c0o0", "color_id":"C0", "orientation":"O0"},
 {"shoe_id":"M27", "image_link":"m27c0o1", "color_id":"C0", "orientation":"O1"},
 {"shoe_id":"M27", "image_link":"m27c0o2", "color_id":"C0", "orientation":"O2"},
 {"shoe_id":"M27", "image_link":"m27c0o3", "color_id":"C0", "orientation":"O3"},
 {"shoe_id":"M27", "image_link":"m27c0o4", "color_id":"C0", "orientation":"O4"},
 {"shoe_id":"M27", "image_link":"m27c0o5", "color_id":"c0", "orientation":"O5"},
 {"shoe_id":"M27", "image_link":"m27c1o0", "color_id":"C1", "orientation":"O0"},
 {"shoe_id":"M27", "image_link":"m27c1o1", "color_id":"C1", "orientation":"O1"},
 {"shoe_id":"M27", "image_link":"m27c1o2", "color_id":"C1", "orientation":"O2"},
 {"shoe_id":"M27", "image_link":"m27c1o3", "color_id":"C1", "orientation":"O3"},
 {"shoe_id":"M27", "image_link":"m27c1o4", "color_id":"C1", "orientation":"O4"},
 {"shoe_id":"M27", "image_link":"m27c1o5", "color_id":"c1", "orientation":"O5"},
 {"shoe_id":"M27", "image_link":"m27c2o0", "color_id":"C2", "orientation":"O0"},
 {"shoe_id":"M27", "image_link":"m27c2o1", "color_id":"C2", "orientation":"O1"},
 {"shoe_id":"M27", "image_link":"m27c2o2", "color_id":"C2", "orientation":"O2"},
 {"shoe_id":"M27", "image_link":"m27c2o3", "color_id":"C2", "orientation":"O3"},
 {"shoe_id":"M27", "image_link":"m27c2o4", "color_id":"C2", "orientation":"O4"},
 {"shoe_id":"M27", "image_link":"m27c2o5", "color_id":"c2", "orientation":"O5"},
 {"shoe_id":"M27", "image_link":"m27c3o0", "color_id":"C3", "orientation":"O0"},
 {"shoe_id":"M27", "image_link":"m27c3o1", "color_id":"C3", "orientation":"O1"},
 {"shoe_id":"M27", "image_link":"m27c3o2", "color_id":"C3", "orientation":"O2"},
 {"shoe_id":"M27", "image_link":"m27c3o3", "color_id":"C3", "orientation":"O3"},
 {"shoe_id":"M27", "image_link":"m27c3o4", "color_id":"C3", "orientation":"O4"},
 {"shoe_id":"M27", "image_link":"m27c3o5", "color_id":"c3", "orientation":"O5"},
 {"shoe_id":"M28", "image_link":"m28c0o0", "color_id":"C0", "orientation":"O0"},
 {"shoe_id":"M28", "image_link":"m28c0o1", "color_id":"C0", "orientation":"O1"},
 {"shoe_id":"M28", "image_link":"m28c0o2", "color_id":"C0", "orientation":"O2"},
 {"shoe_id":"M28", "image_link":"m28c0o3", "color_id":"C0", "orientation":"O3"},
 {"shoe_id":"M28", "image_link":"m28c0o4", "color_id":"C0", "orientation":"O4"},
 {"shoe_id":"M28", "image_link":"m28c0o5", "color_id":"c0", "orientation":"O5"},
 {"shoe_id":"M28", "image_link":"m28c1o0", "color_id":"C1", "orientation":"O0"},
 {"shoe_id":"M28", "image_link":"m28c1o1", "color_id":"C1", "orientation":"O1"},
 {"shoe_id":"M28", "image_link":"m28c1o2", "color_id":"C1", "orientation":"O2"},
 {"shoe_id":"M28", "image_link":"m28c1o3", "color_id":"C1", "orientation":"O3"},
 {"shoe_id":"M28", "image_link":"m28c1o4", "color_id":"C1", "orientation":"O4"},
 {"shoe_id":"M28", "image_link":"m28c1o5", "color_id":"c1", "orientation":"O5"},
 {"shoe_id":"M28", "image_link":"m28c2o0", "color_id":"C2", "orientation":"O0"},
 {"shoe_id":"M28", "image_link":"m28c2o1", "color_id":"C2", "orientation":"O1"},
 {"shoe_id":"M28", "image_link":"m28c2o2", "color_id":"C2", "orientation":"O2"},
 {"shoe_id":"M28", "image_link":"m28c2o3", "color_id":"C2", "orientation":"O3"},
 {"shoe_id":"M28", "image_link":"m28c2o4", "color_id":"C2", "orientation":"O4"},
 {"shoe_id":"M28", "image_link":"m28c2o5", "color_id":"c2", "orientation":"O5"},
 {"shoe_id":"M28", "image_link":"m28c3o0", "color_id":"C3", "orientation":"O0"},
 {"shoe_id":"M28", "image_link":"m28c3o1", "color_id":"C3", "orientation":"O1"},
 {"shoe_id":"M28", "image_link":"m28c3o2", "color_id":"C3", "orientation":"O2"},
 {"shoe_id":"M28", "image_link":"m28c3o3", "color_id":"C3", "orientation":"O3"},
 {"shoe_id":"M28", "image_link":"m28c3o4", "color_id":"C3", "orientation":"O4"},
 {"shoe_id":"M28", "image_link":"m28c3o5", "color_id":"c3", "orientation":"O5"},
 {"shoe_id":"M29", "image_link":"m29c0o0", "color_id":"C0", "orientation":"O0"},
 {"shoe_id":"M29", "image_link":"m29c0o1", "color_id":"C0", "orientation":"O1"},
 {"shoe_id":"M29", "image_link":"m29c0o2", "color_id":"C0", "orientation":"O2"},
 {"shoe_id":"M29", "image_link":"m29c0o3", "color_id":"C0", "orientation":"O3"},
 {"shoe_id":"M29", "image_link":"m29c0o4", "color_id":"C0", "orientation":"O4"},
 {"shoe_id":"M29", "image_link":"m29c0o5", "color_id":"c0", "orientation":"O5"},
 {"shoe_id":"M29", "image_link":"m29c1o0", "color_id":"C1", "orientation":"O0"},
 {"shoe_id":"M29", "image_link":"m29c1o1", "color_id":"C1", "orientation":"O1"},
 {"shoe_id":"M29", "image_link":"m29c1o2", "color_id":"C1", "orientation":"O2"},
 {"shoe_id":"M29", "image_link":"m29c1o3", "color_id":"C1", "orientation":"O3"},
 {"shoe_id":"M29", "image_link":"m29c1o4", "color_id":"C1", "orientation":"O4"},
 {"shoe_id":"M29", "image_link":"m29c1o5", "color_id":"c1", "orientation":"O5"},
 {"shoe_id":"M29", "image_link":"m29c2o0", "color_id":"C2", "orientation":"O0"},
 {"shoe_id":"M29", "image_link":"m29c2o1", "color_id":"C2", "orientation":"O1"},
 {"shoe_id":"M29", "image_link":"m29c2o2", "color_id":"C2", "orientation":"O2"},
 {"shoe_id":"M29", "image_link":"m29c2o3", "color_id":"C2", "orientation":"O3"},
 {"shoe_id":"M29", "image_link":"m29c2o4", "color_id":"C2", "orientation":"O4"},
 {"shoe_id":"M29", "image_link":"m29c2o5", "color_id":"c2", "orientation":"O5"},
 {"shoe_id":"M29", "image_link":"m29c3o0", "color_id":"C3", "orientation":"O0"},
 {"shoe_id":"M29", "image_link":"m29c3o1", "color_id":"C3", "orientation":"O1"},
 {"shoe_id":"M29", "image_link":"m29c3o2", "color_id":"C3", "orientation":"O2"},
 {"shoe_id":"M29", "image_link":"m29c3o3", "color_id":"C3", "orientation":"O3"},
 {"shoe_id":"M29", "image_link":"m29c3o4", "color_id":"C3", "orientation":"O4"},
 {"shoe_id":"M29", "image_link":"m29c3o5", "color_id":"c3", "orientation":"O5"},
 {"shoe_id":"M3", "image_link":"m3c0o0", "color_id":"C0", "orientation":"O0"},
 {"shoe_id":"M3", "image_link":"m3c0o1", "color_id":"C0", "orientation":"O1"},
 {"shoe_id":"M3", "image_link":"m3c0o2", "color_id":"C0", "orientation":"O2"},
 {"shoe_id":"M3", "image_link":"m3c0o3", "color_id":"C0", "orientation":"O3"},
 {"shoe_id":"M3", "image_link":"m3c0o4", "color_id":"C0", "orientation":"O4"},
 {"shoe_id":"M3", "image_link":"m3c0o5", "color_id":"c0", "orientation":"O5"},
 {"shoe_id":"M3", "image_link":"m3c1o0", "color_id":"C1", "orientation":"O0"},
 {"shoe_id":"M3", "image_link":"m3c1o1", "color_id":"C1", "orientation":"O1"},
 {"shoe_id":"M3", "image_link":"m3c1o2", "color_id":"C1", "orientation":"O2"},
 {"shoe_id":"M3", "image_link":"m3c1o3", "color_id":"C1", "orientation":"O3"},
 {"shoe_id":"M3", "image_link":"m3c1o4", "color_id":"C1", "orientation":"O4"},
 {"shoe_id":"M3", "image_link":"m3c1o5", "color_id":"c1", "orientation":"O5"},
 {"shoe_id":"M3", "image_link":"m3c2o0", "color_id":"C2", "orientation":"O0"},
 {"shoe_id":"M3", "image_link":"m3c2o1", "color_id":"C2", "orientation":"O1"},
 {"shoe_id":"M3", "image_link":"m3c2o2", "color_id":"C2", "orientation":"O2"},
 {"shoe_id":"M3", "image_link":"m3c2o3", "color_id":"C2", "orientation":"O3"},
 {"shoe_id":"M3", "image_link":"m3c2o4", "color_id":"C2", "orientation":"O4"},
 {"shoe_id":"M3", "image_link":"m3c2o5", "color_id":"c2", "orientation":"O5"},
 {"shoe_id":"M3", "image_link":"m3c3o0", "color_id":"C3", "orientation":"O0"},
 {"shoe_id":"M3", "image_link":"m3c3o1", "color_id":"C3", "orientation":"O1"},
 {"shoe_id":"M3", "image_link":"m3c3o2", "color_id":"C3", "orientation":"O2"},
 {"shoe_id":"M3", "image_link":"m3c3o3", "color_id":"C3", "orientation":"O3"},
 {"shoe_id":"M3", "image_link":"m3c3o4", "color_id":"C3", "orientation":"O4"},
 {"shoe_id":"M3", "image_link":"m3c3o5", "color_id":"c3", "orientation":"O5"},
 {"shoe_id":"M30", "image_link":"m30c0o0", "color_id":"C0", "orientation":"O0"},
 {"shoe_id":"M30", "image_link":"m30c0o1", "color_id":"C0", "orientation":"O1"},
 {"shoe_id":"M30", "image_link":"m30c0o2", "color_id":"C0", "orientation":"O2"},
 {"shoe_id":"M30", "image_link":"m30c0o3", "color_id":"C0", "orientation":"O3"},
 {"shoe_id":"M30", "image_link":"m30c0o4", "color_id":"C0", "orientation":"O4"},
 {"shoe_id":"M30", "image_link":"m30c0o5", "color_id":"c0", "orientation":"O5"},
 {"shoe_id":"M30", "image_link":"m30c1o0", "color_id":"C1", "orientation":"O0"},
 {"shoe_id":"M30", "image_link":"m30c1o1", "color_id":"C1", "orientation":"O1"},
 {"shoe_id":"M30", "image_link":"m30c1o2", "color_id":"C1", "orientation":"O2"},
 {"shoe_id":"M30", "image_link":"m30c1o3", "color_id":"C1", "orientation":"O3"},
 {"shoe_id":"M30", "image_link":"m30c1o4", "color_id":"C1", "orientation":"O4"},
 {"shoe_id":"M30", "image_link":"m30c1o5", "color_id":"c1", "orientation":"O5"},
 {"shoe_id":"M30", "image_link":"m30c2o0", "color_id":"C2", "orientation":"O0"},
 {"shoe_id":"M30", "image_link":"m30c2o1", "color_id":"C2", "orientation":"O1"},
 {"shoe_id":"M30", "image_link":"m30c2o2", "color_id":"C2", "orientation":"O2"},
 {"shoe_id":"M30", "image_link":"m30c2o3", "color_id":"C2", "orientation":"O3"},
 {"shoe_id":"M30", "image_link":"m30c2o4", "color_id":"C2", "orientation":"O4"},
 {"shoe_id":"M30", "image_link":"m30c2o5", "color_id":"c2", "orientation":"O5"},
 {"shoe_id":"M30", "image_link":"m30c3o0", "color_id":"C3", "orientation":"O0"},
 {"shoe_id":"M30", "image_link":"m30c3o1", "color_id":"C3", "orientation":"O1"},
 {"shoe_id":"M30", "image_link":"m30c3o2", "color_id":"C3", "orientation":"O2"},
 {"shoe_id":"M30", "image_link":"m30c3o3", "color_id":"C3", "orientation":"O3"},
 {"shoe_id":"M30", "image_link":"m30c3o4", "color_id":"C3", "orientation":"O4"},
 {"shoe_id":"M30", "image_link":"m30c3o5", "color_id":"c3", "orientation":"O5"},
 {"shoe_id":"M31", "image_link":"m31c0o0", "color_id":"C0", "orientation":"O0"},
 {"shoe_id":"M31", "image_link":"m31c0o1", "color_id":"C0", "orientation":"O1"},
 {"shoe_id":"M31", "image_link":"m31c0o2", "color_id":"C0", "orientation":"O2"},
 {"shoe_id":"M31", "image_link":"m31c0o3", "color_id":"C0", "orientation":"O3"},
 {"shoe_id":"M31", "image_link":"m31c0o4", "color_id":"C0", "orientation":"O4"},
 {"shoe_id":"M31", "image_link":"m31c0o5", "color_id":"c0", "orientation":"O5"},
 {"shoe_id":"M31", "image_link":"m31c1o0", "color_id":"C1", "orientation":"O0"},
 {"shoe_id":"M31", "image_link":"m31c1o1", "color_id":"C1", "orientation":"O1"},
 {"shoe_id":"M31", "image_link":"m31c1o2", "color_id":"C1", "orientation":"O2"},
 {"shoe_id":"M31", "image_link":"m31c1o3", "color_id":"C1", "orientation":"O3"},
 {"shoe_id":"M31", "image_link":"m31c1o4", "color_id":"C1", "orientation":"O4"},
 {"shoe_id":"M31", "image_link":"m31c1o5", "color_id":"c1", "orientation":"O5"},
 {"shoe_id":"M31", "image_link":"m31c2o0", "color_id":"C2", "orientation":"O0"},
 {"shoe_id":"M31", "image_link":"m31c2o1", "color_id":"C2", "orientation":"O1"},
 {"shoe_id":"M31", "image_link":"m31c2o2", "color_id":"C2", "orientation":"O2"},
 {"shoe_id":"M31", "image_link":"m31c2o3", "color_id":"C2", "orientation":"O3"},
 {"shoe_id":"M31", "image_link":"m31c2o4", "color_id":"C2", "orientation":"O4"},
 {"shoe_id":"M31", "image_link":"m31c2o5", "color_id":"c2", "orientation":"O5"},
 {"shoe_id":"M31", "image_link":"m31c3o0", "color_id":"C3", "orientation":"O0"},
 {"shoe_id":"M31", "image_link":"m31c3o1", "color_id":"C3", "orientation":"O1"},
 {"shoe_id":"M31", "image_link":"m31c3o2", "color_id":"C3", "orientation":"O2"},
 {"shoe_id":"M31", "image_link":"m31c3o3", "color_id":"C3", "orientation":"O3"},
 {"shoe_id":"M31", "image_link":"m31c3o4", "color_id":"C3", "orientation":"O4"},
 {"shoe_id":"M31", "image_link":"m31c3o5", "color_id":"c3", "orientation":"O5"},
 {"shoe_id":"M32", "image_link":"m32c0o0", "color_id":"C0", "orientation":"O0"},
 {"shoe_id":"M32", "image_link":"m32c0o1", "color_id":"C0", "orientation":"O1"},
 {"shoe_id":"M32", "image_link":"m32c0o2", "color_id":"C0", "orientation":"O2"},
 {"shoe_id":"M32", "image_link":"m32c0o3", "color_id":"C0", "orientation":"O3"},
 {"shoe_id":"M32", "image_link":"m32c0o4", "color_id":"C0", "orientation":"O4"},
 {"shoe_id":"M32", "image_link":"m32c0o5", "color_id":"c0", "orientation":"O5"},
 {"shoe_id":"M32", "image_link":"m32c1o0", "color_id":"C1", "orientation":"O0"},
 {"shoe_id":"M32", "image_link":"m32c1o1", "color_id":"C1", "orientation":"O1"},
 {"shoe_id":"M32", "image_link":"m32c1o2", "color_id":"C1", "orientation":"O2"},
 {"shoe_id":"M32", "image_link":"m32c1o3", "color_id":"C1", "orientation":"O3"},
 {"shoe_id":"M32", "image_link":"m32c1o4", "color_id":"C1", "orientation":"O4"},
 {"shoe_id":"M32", "image_link":"m32c1o5", "color_id":"c1", "orientation":"O5"},
 {"shoe_id":"M32", "image_link":"m32c2o0", "color_id":"C2", "orientation":"O0"},
 {"shoe_id":"M32", "image_link":"m32c2o1", "color_id":"C2", "orientation":"O1"},
 {"shoe_id":"M32", "image_link":"m32c2o2", "color_id":"C2", "orientation":"O2"},
 {"shoe_id":"M32", "image_link":"m32c2o3", "color_id":"C2", "orientation":"O3"},
 {"shoe_id":"M32", "image_link":"m32c2o4", "color_id":"C2", "orientation":"O4"},
 {"shoe_id":"M32", "image_link":"m32c2o5", "color_id":"c2", "orientation":"O5"},
 {"shoe_id":"M32", "image_link":"m32c3o0", "color_id":"C3", "orientation":"O0"},
 {"shoe_id":"M32", "image_link":"m32c3o1", "color_id":"C3", "orientation":"O1"},
 {"shoe_id":"M32", "image_link":"m32c3o2", "color_id":"C3", "orientation":"O2"},
 {"shoe_id":"M32", "image_link":"m32c3o3", "color_id":"C3", "orientation":"O3"},
 {"shoe_id":"M32", "image_link":"m32c3o4", "color_id":"C3", "orientation":"O4"},
 {"shoe_id":"M32", "image_link":"m32c3o5", "color_id":"c3", "orientation":"O5"},
 {"shoe_id":"M33", "image_link":"m33c0o0", "color_id":"C0", "orientation":"O0"},
 {"shoe_id":"M33", "image_link":"m33c0o1", "color_id":"C0", "orientation":"O1"},
 {"shoe_id":"M33", "image_link":"m33c0o2", "color_id":"C0", "orientation":"O2"},
 {"shoe_id":"M33", "image_link":"m33c0o3", "color_id":"C0", "orientation":"O3"},
 {"shoe_id":"M33", "image_link":"m33c0o4", "color_id":"C0", "orientation":"O4"},
 {"shoe_id":"M33", "image_link":"m33c0o5", "color_id":"c0", "orientation":"O5"},
 {"shoe_id":"M33", "image_link":"m33c1o0", "color_id":"C1", "orientation":"O0"},
 {"shoe_id":"M33", "image_link":"m33c1o1", "color_id":"C1", "orientation":"O1"},
 {"shoe_id":"M33", "image_link":"m33c1o2", "color_id":"C1", "orientation":"O2"},
 {"shoe_id":"M33", "image_link":"m33c1o3", "color_id":"C1", "orientation":"O3"},
 {"shoe_id":"M33", "image_link":"m33c1o4", "color_id":"C1", "orientation":"O4"},
 {"shoe_id":"M33", "image_link":"m33c1o5", "color_id":"c1", "orientation":"O5"},
 {"shoe_id":"M33", "image_link":"m33c2o0", "color_id":"C2", "orientation":"O0"},
 {"shoe_id":"M33", "image_link":"m33c2o1", "color_id":"C2", "orientation":"O1"},
 {"shoe_id":"M33", "image_link":"m33c2o2", "color_id":"C2", "orientation":"O2"},
 {"shoe_id":"M33", "image_link":"m33c2o3", "color_id":"C2", "orientation":"O3"},
 {"shoe_id":"M33", "image_link":"m33c2o4", "color_id":"C2", "orientation":"O4"},
 {"shoe_id":"M33", "image_link":"m33c2o5", "color_id":"c2", "orientation":"O5"},
 {"shoe_id":"M33", "image_link":"m33c3o0", "color_id":"C3", "orientation":"O0"},
 {"shoe_id":"M33", "image_link":"m33c3o1", "color_id":"C3", "orientation":"O1"},
 {"shoe_id":"M33", "image_link":"m33c3o2", "color_id":"C3", "orientation":"O2"},
 {"shoe_id":"M33", "image_link":"m33c3o3", "color_id":"C3", "orientation":"O3"},
 {"shoe_id":"M33", "image_link":"m33c3o4", "color_id":"C3", "orientation":"O4"},
 {"shoe_id":"M33", "image_link":"m33c3o5", "color_id":"c3", "orientation":"O5"},
 {"shoe_id":"M34", "image_link":"m34c0o0", "color_id":"C0", "orientation":"O0"},
 {"shoe_id":"M34", "image_link":"m34c0o1", "color_id":"C0", "orientation":"O1"},
 {"shoe_id":"M34", "image_link":"m34c0o2", "color_id":"C0", "orientation":"O2"},
 {"shoe_id":"M34", "image_link":"m34c0o3", "color_id":"C0", "orientation":"O3"},
 {"shoe_id":"M34", "image_link":"m34c0o4", "color_id":"C0", "orientation":"O4"},
 {"shoe_id":"M34", "image_link":"m34c0o5", "color_id":"c0", "orientation":"O5"},
 {"shoe_id":"M34", "image_link":"m34c1o0", "color_id":"C1", "orientation":"O0"},
 {"shoe_id":"M34", "image_link":"m34c1o1", "color_id":"C1", "orientation":"O1"},
 {"shoe_id":"M34", "image_link":"m34c1o2", "color_id":"C1", "orientation":"O2"},
 {"shoe_id":"M34", "image_link":"m34c1o3", "color_id":"C1", "orientation":"O3"},
 {"shoe_id":"M34", "image_link":"m34c1o4", "color_id":"C1", "orientation":"O4"},
 {"shoe_id":"M34", "image_link":"m34c1o5", "color_id":"c1", "orientation":"O5"},
 {"shoe_id":"M34", "image_link":"m34c2o0", "color_id":"C2", "orientation":"O0"},
 {"shoe_id":"M34", "image_link":"m34c2o1", "color_id":"C2", "orientation":"O1"},
 {"shoe_id":"M34", "image_link":"m34c2o2", "color_id":"C2", "orientation":"O2"},
 {"shoe_id":"M34", "image_link":"m34c2o3", "color_id":"C2", "orientation":"O3"},
 {"shoe_id":"M34", "image_link":"m34c2o4", "color_id":"C2", "orientation":"O4"},
 {"shoe_id":"M34", "image_link":"m34c2o5", "color_id":"c2", "orientation":"O5"},
 {"shoe_id":"M34", "image_link":"m34c3o0", "color_id":"C3", "orientation":"O0"},
 {"shoe_id":"M34", "image_link":"m34c3o1", "color_id":"C3", "orientation":"O1"},
 {"shoe_id":"M34", "image_link":"m34c3o2", "color_id":"C3", "orientation":"O2"},
 {"shoe_id":"M34", "image_link":"m34c3o3", "color_id":"C3", "orientation":"O3"},
 {"shoe_id":"M34", "image_link":"m34c3o4", "color_id":"C3", "orientation":"O4"},
 {"shoe_id":"M34", "image_link":"m34c3o5", "color_id":"c3", "orientation":"O5"},
 {"shoe_id":"M35", "image_link":"m35c0o0", "color_id":"C0", "orientation":"O0"},
 {"shoe_id":"M35", "image_link":"m35c0o1", "color_id":"C0", "orientation":"O1"},
 {"shoe_id":"M35", "image_link":"m35c0o2", "color_id":"C0", "orientation":"O2"},
 {"shoe_id":"M35", "image_link":"m35c0o3", "color_id":"C0", "orientation":"O3"},
 {"shoe_id":"M35", "image_link":"m35c0o4", "color_id":"C0", "orientation":"O4"},
 {"shoe_id":"M35", "image_link":"m35c0o5", "color_id":"c0", "orientation":"O5"},
 {"shoe_id":"M35", "image_link":"m35c1o0", "color_id":"C1", "orientation":"O0"},
 {"shoe_id":"M35", "image_link":"m35c1o1", "color_id":"C1", "orientation":"O1"},
 {"shoe_id":"M35", "image_link":"m35c1o2", "color_id":"C1", "orientation":"O2"},
 {"shoe_id":"M35", "image_link":"m35c1o3", "color_id":"C1", "orientation":"O3"},
 {"shoe_id":"M35", "image_link":"m35c1o4", "color_id":"C1", "orientation":"O4"},
 {"shoe_id":"M35", "image_link":"m35c1o5", "color_id":"c1", "orientation":"O5"},
 {"shoe_id":"M35", "image_link":"m35c2o0", "color_id":"C2", "orientation":"O0"},
 {"shoe_id":"M35", "image_link":"m35c2o1", "color_id":"C2", "orientation":"O1"},
 {"shoe_id":"M35", "image_link":"m35c2o2", "color_id":"C2", "orientation":"O2"},
 {"shoe_id":"M35", "image_link":"m35c2o3", "color_id":"C2", "orientation":"O3"},
 {"shoe_id":"M35", "image_link":"m35c2o4", "color_id":"C2", "orientation":"O4"},
 {"shoe_id":"M35", "image_link":"m35c2o5", "color_id":"c2", "orientation":"O5"},
 {"shoe_id":"M35", "image_link":"m35c3o0", "color_id":"C3", "orientation":"O0"},
 {"shoe_id":"M35", "image_link":"m35c3o1", "color_id":"C3", "orientation":"O1"},
 {"shoe_id":"M35", "image_link":"m35c3o2", "color_id":"C3", "orientation":"O2"},
 {"shoe_id":"M35", "image_link":"m35c3o3", "color_id":"C3", "orientation":"O3"},
 {"shoe_id":"M35", "image_link":"m35c3o4", "color_id":"C3", "orientation":"O4"},
 {"shoe_id":"M35", "image_link":"m35c3o5", "color_id":"c3", "orientation":"O5"},
 {"shoe_id":"M36", "image_link":"m36c0o0", "color_id":"C0", "orientation":"O0"},
 {"shoe_id":"M36", "image_link":"m36c0o1", "color_id":"C0", "orientation":"O1"},
 {"shoe_id":"M36", "image_link":"m36c0o2", "color_id":"C0", "orientation":"O2"},
 {"shoe_id":"M36", "image_link":"m36c0o3", "color_id":"C0", "orientation":"O3"},
 {"shoe_id":"M36", "image_link":"m36c0o4", "color_id":"C0", "orientation":"O4"},
 {"shoe_id":"M36", "image_link":"m36c0o5", "color_id":"c0", "orientation":"O5"},
 {"shoe_id":"M36", "image_link":"m36c1o0", "color_id":"C1", "orientation":"O0"},
 {"shoe_id":"M36", "image_link":"m36c1o1", "color_id":"C1", "orientation":"O1"},
 {"shoe_id":"M36", "image_link":"m36c1o2", "color_id":"C1", "orientation":"O2"},
 {"shoe_id":"M36", "image_link":"m36c1o3", "color_id":"C1", "orientation":"O3"},
 {"shoe_id":"M36", "image_link":"m36c1o4", "color_id":"C1", "orientation":"O4"},
 {"shoe_id":"M36", "image_link":"m36c1o5", "color_id":"c1", "orientation":"O5"},
 {"shoe_id":"M36", "image_link":"m36c2o0", "color_id":"C2", "orientation":"O0"},
 {"shoe_id":"M36", "image_link":"m36c2o1", "color_id":"C2", "orientation":"O1"},
 {"shoe_id":"M36", "image_link":"m36c2o2", "color_id":"C2", "orientation":"O2"},
 {"shoe_id":"M36", "image_link":"m36c2o3", "color_id":"C2", "orientation":"O3"},
 {"shoe_id":"M36", "image_link":"m36c2o4", "color_id":"C2", "orientation":"O4"},
 {"shoe_id":"M36", "image_link":"m36c2o5", "color_id":"c2", "orientation":"O5"},
 {"shoe_id":"M36", "image_link":"m36c3o0", "color_id":"C3", "orientation":"O0"},
 {"shoe_id":"M36", "image_link":"m36c3o1", "color_id":"C3", "orientation":"O1"},
 {"shoe_id":"M36", "image_link":"m36c3o2", "color_id":"C3", "orientation":"O2"},
 {"shoe_id":"M36", "image_link":"m36c3o3", "color_id":"C3", "orientation":"O3"},
 {"shoe_id":"M36", "image_link":"m36c3o4", "color_id":"C3", "orientation":"O4"},
 {"shoe_id":"M36", "image_link":"m36c3o5", "color_id":"c3", "orientation":"O5"},
 {"shoe_id":"M37", "image_link":"m37c0o0", "color_id":"C0", "orientation":"O0"},
 {"shoe_id":"M37", "image_link":"m37c0o1", "color_id":"C0", "orientation":"O1"},
 {"shoe_id":"M37", "image_link":"m37c0o2", "color_id":"C0", "orientation":"O2"},
 {"shoe_id":"M37", "image_link":"m37c0o3", "color_id":"C0", "orientation":"O3"},
 {"shoe_id":"M37", "image_link":"m37c0o4", "color_id":"C0", "orientation":"O4"},
 {"shoe_id":"M37", "image_link":"m37c0o5", "color_id":"c0", "orientation":"O5"},
 {"shoe_id":"M37", "image_link":"m37c1o0", "color_id":"C1", "orientation":"O0"},
 {"shoe_id":"M37", "image_link":"m37c1o1", "color_id":"C1", "orientation":"O1"},
 {"shoe_id":"M37", "image_link":"m37c1o2", "color_id":"C1", "orientation":"O2"},
 {"shoe_id":"M37", "image_link":"m37c1o3", "color_id":"C1", "orientation":"O3"},
 {"shoe_id":"M37", "image_link":"m37c1o4", "color_id":"C1", "orientation":"O4"},
 {"shoe_id":"M37", "image_link":"m37c1o5", "color_id":"c1", "orientation":"O5"},
 {"shoe_id":"M37", "image_link":"m37c2o0", "color_id":"C2", "orientation":"O0"},
 {"shoe_id":"M37", "image_link":"m37c2o1", "color_id":"C2", "orientation":"O1"},
 {"shoe_id":"M37", "image_link":"m37c2o2", "color_id":"C2", "orientation":"O2"},
 {"shoe_id":"M37", "image_link":"m37c2o3", "color_id":"C2", "orientation":"O3"},
 {"shoe_id":"M37", "image_link":"m37c2o4", "color_id":"C2", "orientation":"O4"},
 {"shoe_id":"M37", "image_link":"m37c2o5", "color_id":"c2", "orientation":"O5"},
 {"shoe_id":"M37", "image_link":"m37c3o0", "color_id":"C3", "orientation":"O0"},
 {"shoe_id":"M37", "image_link":"m37c3o1", "color_id":"C3", "orientation":"O1"},
 {"shoe_id":"M37", "image_link":"m37c3o2", "color_id":"C3", "orientation":"O2"},
 {"shoe_id":"M37", "image_link":"m37c3o3", "color_id":"C3", "orientation":"O3"},
 {"shoe_id":"M37", "image_link":"m37c3o4", "color_id":"C3", "orientation":"O4"},
 {"shoe_id":"M37", "image_link":"m37c3o5", "color_id":"c3", "orientation":"O5"},
 {"shoe_id":"M38", "image_link":"m38c0o0", "color_id":"C0", "orientation":"O0"},
 {"shoe_id":"M38", "image_link":"m38c0o1", "color_id":"C0", "orientation":"O1"},
 {"shoe_id":"M38", "image_link":"m38c0o2", "color_id":"C0", "orientation":"O2"},
 {"shoe_id":"M38", "image_link":"m38c0o3", "color_id":"C0", "orientation":"O3"},
 {"shoe_id":"M38", "image_link":"m38c0o4", "color_id":"C0", "orientation":"O4"},
 {"shoe_id":"M38", "image_link":"m38c0o5", "color_id":"c0", "orientation":"O5"},
 {"shoe_id":"M38", "image_link":"m38c1o0", "color_id":"C1", "orientation":"O0"},
 {"shoe_id":"M38", "image_link":"m38c1o1", "color_id":"C1", "orientation":"O1"},
 {"shoe_id":"M38", "image_link":"m38c1o2", "color_id":"C1", "orientation":"O2"},
 {"shoe_id":"M38", "image_link":"m38c1o3", "color_id":"C1", "orientation":"O3"},
 {"shoe_id":"M38", "image_link":"m38c1o4", "color_id":"C1", "orientation":"O4"},
 {"shoe_id":"M38", "image_link":"m38c1o5", "color_id":"c1", "orientation":"O5"},
 {"shoe_id":"M38", "image_link":"m38c2o0", "color_id":"C2", "orientation":"O0"},
 {"shoe_id":"M38", "image_link":"m38c2o1", "color_id":"C2", "orientation":"O1"},
 {"shoe_id":"M38", "image_link":"m38c2o2", "color_id":"C2", "orientation":"O2"},
 {"shoe_id":"M38", "image_link":"m38c2o3", "color_id":"C2", "orientation":"O3"},
 {"shoe_id":"M38", "image_link":"m38c2o4", "color_id":"C2", "orientation":"O4"},
 {"shoe_id":"M38", "image_link":"m38c2o5", "color_id":"c2", "orientation":"O5"},
 {"shoe_id":"M38", "image_link":"m38c3o0", "color_id":"C3", "orientation":"O0"},
 {"shoe_id":"M38", "image_link":"m38c3o1", "color_id":"C3", "orientation":"O1"},
 {"shoe_id":"M38", "image_link":"m38c3o2", "color_id":"C3", "orientation":"O2"},
 {"shoe_id":"M38", "image_link":"m38c3o3", "color_id":"C3", "orientation":"O3"},
 {"shoe_id":"M38", "image_link":"m38c3o4", "color_id":"C3", "orientation":"O4"},
 {"shoe_id":"M38", "image_link":"m38c3o5", "color_id":"c3", "orientation":"O5"},
 {"shoe_id":"M39", "image_link":"m39c0o0", "color_id":"C0", "orientation":"O0"},
 {"shoe_id":"M39", "image_link":"m39c0o1", "color_id":"C0", "orientation":"O1"},
 {"shoe_id":"M39", "image_link":"m39c0o2", "color_id":"C0", "orientation":"O2"},
 {"shoe_id":"M39", "image_link":"m39c0o3", "color_id":"C0", "orientation":"O3"},
 {"shoe_id":"M39", "image_link":"m39c0o4", "color_id":"C0", "orientation":"O4"},
 {"shoe_id":"M39", "image_link":"m39c0o5", "color_id":"c0", "orientation":"O5"},
 {"shoe_id":"M39", "image_link":"m39c1o0", "color_id":"C1", "orientation":"O0"},
 {"shoe_id":"M39", "image_link":"m39c1o1", "color_id":"C1", "orientation":"O1"},
 {"shoe_id":"M39", "image_link":"m39c1o2", "color_id":"C1", "orientation":"O2"},
 {"shoe_id":"M39", "image_link":"m39c1o3", "color_id":"C1", "orientation":"O3"},
 {"shoe_id":"M39", "image_link":"m39c1o4", "color_id":"C1", "orientation":"O4"},
 {"shoe_id":"M39", "image_link":"m39c1o5", "color_id":"c1", "orientation":"O5"},
 {"shoe_id":"M39", "image_link":"m39c2o0", "color_id":"C2", "orientation":"O0"},
 {"shoe_id":"M39", "image_link":"m39c2o1", "color_id":"C2", "orientation":"O1"},
 {"shoe_id":"M39", "image_link":"m39c2o2", "color_id":"C2", "orientation":"O2"},
 {"shoe_id":"M39", "image_link":"m39c2o3", "color_id":"C2", "orientation":"O3"},
 {"shoe_id":"M39", "image_link":"m39c2o4", "color_id":"C2", "orientation":"O4"},
 {"shoe_id":"M39", "image_link":"m39c2o5", "color_id":"c2", "orientation":"O5"},
 {"shoe_id":"M39", "image_link":"m39c3o0", "color_id":"C3", "orientation":"O0"},
 {"shoe_id":"M39", "image_link":"m39c3o1", "color_id":"C3", "orientation":"O1"},
 {"shoe_id":"M39", "image_link":"m39c3o2", "color_id":"C3", "orientation":"O2"},
 {"shoe_id":"M39", "image_link":"m39c3o3", "color_id":"C3", "orientation":"O3"},
 {"shoe_id":"M39", "image_link":"m39c3o4", "color_id":"C3", "orientation":"O4"},
 {"shoe_id":"M39", "image_link":"m39c3o5", "color_id":"c3", "orientation":"O5"},
 {"shoe_id":"M4", "image_link":"m4c0o0", "color_id":"C0", "orientation":"O0"},
 {"shoe_id":"M4", "image_link":"m4c0o1", "color_id":"C0", "orientation":"O1"},
 {"shoe_id":"M4", "image_link":"m4c0o2", "color_id":"C0", "orientation":"O2"},
 {"shoe_id":"M4", "image_link":"m4c0o3", "color_id":"C0", "orientation":"O3"},
 {"shoe_id":"M4", "image_link":"m4c0o4", "color_id":"C0", "orientation":"O4"},
 {"shoe_id":"M4", "image_link":"m4c0o5", "color_id":"c0", "orientation":"O5"},
 {"shoe_id":"M4", "image_link":"m4c1o0", "color_id":"C1", "orientation":"O0"},
 {"shoe_id":"M4", "image_link":"m4c1o1", "color_id":"C1", "orientation":"O1"},
 {"shoe_id":"M4", "image_link":"m4c1o2", "color_id":"C1", "orientation":"O2"},
 {"shoe_id":"M4", "image_link":"m4c1o3", "color_id":"C1", "orientation":"O3"},
 {"shoe_id":"M4", "image_link":"m4c1o4", "color_id":"C1", "orientation":"O4"},
 {"shoe_id":"M4", "image_link":"m4c1o5", "color_id":"c1", "orientation":"O5"},
 {"shoe_id":"M4", "image_link":"m4c2o0", "color_id":"C2", "orientation":"O0"},
 {"shoe_id":"M4", "image_link":"m4c2o1", "color_id":"C2", "orientation":"O1"},
 {"shoe_id":"M4", "image_link":"m4c2o2", "color_id":"C2", "orientation":"O2"},
 {"shoe_id":"M4", "image_link":"m4c2o3", "color_id":"C2", "orientation":"O3"},
 {"shoe_id":"M4", "image_link":"m4c2o4", "color_id":"C2", "orientation":"O4"},
 {"shoe_id":"M4", "image_link":"m4c2o5", "color_id":"c2", "orientation":"O5"},
 {"shoe_id":"M4", "image_link":"m4c3o0", "color_id":"C3", "orientation":"O0"},
 {"shoe_id":"M4", "image_link":"m4c3o1", "color_id":"C3", "orientation":"O1"},
 {"shoe_id":"M4", "image_link":"m4c3o2", "color_id":"C3", "orientation":"O2"},
 {"shoe_id":"M4", "image_link":"m4c3o3", "color_id":"C3", "orientation":"O3"},
 {"shoe_id":"M4", "image_link":"m4c3o4", "color_id":"C3", "orientation":"O4"},
 {"shoe_id":"M4", "image_link":"m4c3o5", "color_id":"c3", "orientation":"O5"},
 {"shoe_id":"M40", "image_link":"m40c0o0", "color_id":"C0", "orientation":"O0"},
 {"shoe_id":"M40", "image_link":"m40c0o1", "color_id":"C0", "orientation":"O1"},
 {"shoe_id":"M40", "image_link":"m40c0o2", "color_id":"C0", "orientation":"O2"},
 {"shoe_id":"M40", "image_link":"m40c0o3", "color_id":"C0", "orientation":"O3"},
 {"shoe_id":"M40", "image_link":"m40c0o4", "color_id":"C0", "orientation":"O4"},
 {"shoe_id":"M40", "image_link":"m40c0o5", "color_id":"c0", "orientation":"O5"},
 {"shoe_id":"M40", "image_link":"m40c1o0", "color_id":"C1", "orientation":"O0"},
 {"shoe_id":"M40", "image_link":"m40c1o1", "color_id":"C1", "orientation":"O1"},
 {"shoe_id":"M40", "image_link":"m40c1o2", "color_id":"C1", "orientation":"O2"},
 {"shoe_id":"M40", "image_link":"m40c1o3", "color_id":"C1", "orientation":"O3"},
 {"shoe_id":"M40", "image_link":"m40c1o4", "color_id":"C1", "orientation":"O4"},
 {"shoe_id":"M40", "image_link":"m40c1o5", "color_id":"c1", "orientation":"O5"},
 {"shoe_id":"M40", "image_link":"m40c2o0", "color_id":"C2", "orientation":"O0"},
 {"shoe_id":"M40", "image_link":"m40c2o1", "color_id":"C2", "orientation":"O1"},
 {"shoe_id":"M40", "image_link":"m40c2o2", "color_id":"C2", "orientation":"O2"},
 {"shoe_id":"M40", "image_link":"m40c2o3", "color_id":"C2", "orientation":"O3"},
 {"shoe_id":"M40", "image_link":"m40c2o4", "color_id":"C2", "orientation":"O4"},
 {"shoe_id":"M40", "image_link":"m40c2o5", "color_id":"c2", "orientation":"O5"},
 {"shoe_id":"M40", "image_link":"m40c3o0", "color_id":"C3", "orientation":"O0"},
 {"shoe_id":"M40", "image_link":"m40c3o1", "color_id":"C3", "orientation":"O1"},
 {"shoe_id":"M40", "image_link":"m40c3o2", "color_id":"C3", "orientation":"O2"},
 {"shoe_id":"M40", "image_link":"m40c3o3", "color_id":"C3", "orientation":"O3"},
 {"shoe_id":"M40", "image_link":"m40c3o4", "color_id":"C3", "orientation":"O4"},
 {"shoe_id":"M40", "image_link":"m40c3o5", "color_id":"c3", "orientation":"O5"},
 {"shoe_id":"M41", "image_link":"m41c0o0", "color_id":"C0", "orientation":"O0"},
 {"shoe_id":"M41", "image_link":"m41c0o1", "color_id":"C0", "orientation":"O1"},
 {"shoe_id":"M41", "image_link":"m41c0o2", "color_id":"C0", "orientation":"O2"},
 {"shoe_id":"M41", "image_link":"m41c0o3", "color_id":"C0", "orientation":"O3"},
 {"shoe_id":"M41", "image_link":"m41c0o4", "color_id":"C0", "orientation":"O4"},
 {"shoe_id":"M41", "image_link":"m41c0o5", "color_id":"c0", "orientation":"O5"},
 {"shoe_id":"M41", "image_link":"m41c1o0", "color_id":"C1", "orientation":"O0"},
 {"shoe_id":"M41", "image_link":"m41c1o1", "color_id":"C1", "orientation":"O1"},
 {"shoe_id":"M41", "image_link":"m41c1o2", "color_id":"C1", "orientation":"O2"},
 {"shoe_id":"M41", "image_link":"m41c1o3", "color_id":"C1", "orientation":"O3"},
 {"shoe_id":"M41", "image_link":"m41c1o4", "color_id":"C1", "orientation":"O4"},
 {"shoe_id":"M41", "image_link":"m41c1o5", "color_id":"c1", "orientation":"O5"},
 {"shoe_id":"M41", "image_link":"m41c2o0", "color_id":"C2", "orientation":"O0"},
 {"shoe_id":"M41", "image_link":"m41c2o1", "color_id":"C2", "orientation":"O1"},
 {"shoe_id":"M41", "image_link":"m41c2o2", "color_id":"C2", "orientation":"O2"},
 {"shoe_id":"M41", "image_link":"m41c2o3", "color_id":"C2", "orientation":"O3"},
 {"shoe_id":"M41", "image_link":"m41c2o4", "color_id":"C2", "orientation":"O4"},
 {"shoe_id":"M41", "image_link":"m41c2o5", "color_id":"c2", "orientation":"O5"},
 {"shoe_id":"M41", "image_link":"m41c3o0", "color_id":"C3", "orientation":"O0"},
 {"shoe_id":"M41", "image_link":"m41c3o1", "color_id":"C3", "orientation":"O1"},
 {"shoe_id":"M41", "image_link":"m41c3o2", "color_id":"C3", "orientation":"O2"},
 {"shoe_id":"M41", "image_link":"m41c3o3", "color_id":"C3", "orientation":"O3"},
 {"shoe_id":"M41", "image_link":"m41c3o4", "color_id":"C3", "orientation":"O4"},
 {"shoe_id":"M41", "image_link":"m41c3o5", "color_id":"c3", "orientation":"O5"},
 {"shoe_id":"M42", "image_link":"m42c0o0", "color_id":"C0", "orientation":"O0"},
 {"shoe_id":"M42", "image_link":"m42c0o1", "color_id":"C0", "orientation":"O1"},
 {"shoe_id":"M42", "image_link":"m42c0o2", "color_id":"C0", "orientation":"O2"},
 {"shoe_id":"M42", "image_link":"m42c0o3", "color_id":"C0", "orientation":"O3"},
 {"shoe_id":"M42", "image_link":"m42c0o4", "color_id":"C0", "orientation":"O4"},
 {"shoe_id":"M42", "image_link":"m42c0o5", "color_id":"c0", "orientation":"O5"},
 {"shoe_id":"M42", "image_link":"m42c1o0", "color_id":"C1", "orientation":"O0"},
 {"shoe_id":"M42", "image_link":"m42c1o1", "color_id":"C1", "orientation":"O1"},
 {"shoe_id":"M42", "image_link":"m42c1o2", "color_id":"C1", "orientation":"O2"},
 {"shoe_id":"M42", "image_link":"m42c1o3", "color_id":"C1", "orientation":"O3"},
 {"shoe_id":"M42", "image_link":"m42c1o4", "color_id":"C1", "orientation":"O4"},
 {"shoe_id":"M42", "image_link":"m42c1o5", "color_id":"c1", "orientation":"O5"},
 {"shoe_id":"M42", "image_link":"m42c2o0", "color_id":"C2", "orientation":"O0"},
 {"shoe_id":"M42", "image_link":"m42c2o1", "color_id":"C2", "orientation":"O1"},
 {"shoe_id":"M42", "image_link":"m42c2o2", "color_id":"C2", "orientation":"O2"},
 {"shoe_id":"M42", "image_link":"m42c2o3", "color_id":"C2", "orientation":"O3"},
 {"shoe_id":"M42", "image_link":"m42c2o4", "color_id":"C2", "orientation":"O4"},
 {"shoe_id":"M42", "image_link":"m42c2o5", "color_id":"c2", "orientation":"O5"},
 {"shoe_id":"M42", "image_link":"m42c3o0", "color_id":"C3", "orientation":"O0"},
 {"shoe_id":"M42", "image_link":"m42c3o1", "color_id":"C3", "orientation":"O1"},
 {"shoe_id":"M42", "image_link":"m42c3o2", "color_id":"C3", "orientation":"O2"},
 {"shoe_id":"M42", "image_link":"m42c3o3", "color_id":"C3", "orientation":"O3"},
 {"shoe_id":"M42", "image_link":"m42c3o4", "color_id":"C3", "orientation":"O4"},
 {"shoe_id":"M42", "image_link":"m42c3o5", "color_id":"c3", "orientation":"O5"},
 {"shoe_id":"M43", "image_link":"m43c0o0", "color_id":"C0", "orientation":"O0"},
 {"shoe_id":"M43", "image_link":"m43c0o1", "color_id":"C0", "orientation":"O1"},
 {"shoe_id":"M43", "image_link":"m43c0o2", "color_id":"C0", "orientation":"O2"},
 {"shoe_id":"M43", "image_link":"m43c0o3", "color_id":"C0", "orientation":"O3"},
 {"shoe_id":"M43", "image_link":"m43c0o4", "color_id":"C0", "orientation":"O4"},
 {"shoe_id":"M43", "image_link":"m43c0o5", "color_id":"c0", "orientation":"O5"},
 {"shoe_id":"M43", "image_link":"m43c1o0", "color_id":"C1", "orientation":"O0"},
 {"shoe_id":"M43", "image_link":"m43c1o1", "color_id":"C1", "orientation":"O1"},
 {"shoe_id":"M43", "image_link":"m43c1o2", "color_id":"C1", "orientation":"O2"},
 {"shoe_id":"M43", "image_link":"m43c1o3", "color_id":"C1", "orientation":"O3"},
 {"shoe_id":"M43", "image_link":"m43c1o4", "color_id":"C1", "orientation":"O4"},
 {"shoe_id":"M43", "image_link":"m43c1o5", "color_id":"c1", "orientation":"O5"},
 {"shoe_id":"M43", "image_link":"m43c2o0", "color_id":"C2", "orientation":"O0"},
 {"shoe_id":"M43", "image_link":"m43c2o1", "color_id":"C2", "orientation":"O1"},
 {"shoe_id":"M43", "image_link":"m43c2o2", "color_id":"C2", "orientation":"O2"},
 {"shoe_id":"M43", "image_link":"m43c2o3", "color_id":"C2", "orientation":"O3"},
 {"shoe_id":"M43", "image_link":"m43c2o4", "color_id":"C2", "orientation":"O4"},
 {"shoe_id":"M43", "image_link":"m43c2o5", "color_id":"c2", "orientation":"O5"},
 {"shoe_id":"M43", "image_link":"m43c3o0", "color_id":"C3", "orientation":"O0"},
 {"shoe_id":"M43", "image_link":"m43c3o1", "color_id":"C3", "orientation":"O1"},
 {"shoe_id":"M43", "image_link":"m43c3o2", "color_id":"C3", "orientation":"O2"},
 {"shoe_id":"M43", "image_link":"m43c3o3", "color_id":"C3", "orientation":"O3"},
 {"shoe_id":"M43", "image_link":"m43c3o4", "color_id":"C3", "orientation":"O4"},
 {"shoe_id":"M43", "image_link":"m43c3o5", "color_id":"c3", "orientation":"O5"},
 {"shoe_id":"M44", "image_link":"m44c0o0", "color_id":"C0", "orientation":"O0"},
 {"shoe_id":"M44", "image_link":"m44c0o1", "color_id":"C0", "orientation":"O1"},
 {"shoe_id":"M44", "image_link":"m44c0o2", "color_id":"C0", "orientation":"O2"},
 {"shoe_id":"M44", "image_link":"m44c0o3", "color_id":"C0", "orientation":"O3"},
 {"shoe_id":"M44", "image_link":"m44c0o4", "color_id":"C0", "orientation":"O4"},
 {"shoe_id":"M44", "image_link":"m44c0o5", "color_id":"c0", "orientation":"O5"},
 {"shoe_id":"M44", "image_link":"m44c1o0", "color_id":"C1", "orientation":"O0"},
 {"shoe_id":"M44", "image_link":"m44c1o1", "color_id":"C1", "orientation":"O1"},
 {"shoe_id":"M44", "image_link":"m44c1o2", "color_id":"C1", "orientation":"O2"},
 {"shoe_id":"M44", "image_link":"m44c1o3", "color_id":"C1", "orientation":"O3"},
 {"shoe_id":"M44", "image_link":"m44c1o4", "color_id":"C1", "orientation":"O4"},
 {"shoe_id":"M44", "image_link":"m44c1o5", "color_id":"c1", "orientation":"O5"},
 {"shoe_id":"M44", "image_link":"m44c2o0", "color_id":"C2", "orientation":"O0"},
 {"shoe_id":"M44", "image_link":"m44c2o1", "color_id":"C2", "orientation":"O1"},
 {"shoe_id":"M44", "image_link":"m44c2o2", "color_id":"C2", "orientation":"O2"},
 {"shoe_id":"M44", "image_link":"m44c2o3", "color_id":"C2", "orientation":"O3"},
 {"shoe_id":"M44", "image_link":"m44c2o4", "color_id":"C2", "orientation":"O4"},
 {"shoe_id":"M44", "image_link":"m44c2o5", "color_id":"c2", "orientation":"O5"},
 {"shoe_id":"M44", "image_link":"m44c3o0", "color_id":"C3", "orientation":"O0"},
 {"shoe_id":"M44", "image_link":"m44c3o1", "color_id":"C3", "orientation":"O1"},
 {"shoe_id":"M44", "image_link":"m44c3o2", "color_id":"C3", "orientation":"O2"},
 {"shoe_id":"M44", "image_link":"m44c3o3", "color_id":"C3", "orientation":"O3"},
 {"shoe_id":"M44", "image_link":"m44c3o4", "color_id":"C3", "orientation":"O4"},
 {"shoe_id":"M44", "image_link":"m44c3o5", "color_id":"c3", "orientation":"O5"},
 {"shoe_id":"M45", "image_link":"m45c0o0", "color_id":"C0", "orientation":"O0"},
 {"shoe_id":"M45", "image_link":"m45c0o1", "color_id":"C0", "orientation":"O1"},
 {"shoe_id":"M45", "image_link":"m45c0o2", "color_id":"C0", "orientation":"O2"},
 {"shoe_id":"M45", "image_link":"m45c0o3", "color_id":"C0", "orientation":"O3"},
 {"shoe_id":"M45", "image_link":"m45c0o4", "color_id":"C0", "orientation":"O4"},
 {"shoe_id":"M45", "image_link":"m45c0o5", "color_id":"c0", "orientation":"O5"},
 {"shoe_id":"M45", "image_link":"m45c1o0", "color_id":"C1", "orientation":"O0"},
 {"shoe_id":"M45", "image_link":"m45c1o1", "color_id":"C1", "orientation":"O1"},
 {"shoe_id":"M45", "image_link":"m45c1o2", "color_id":"C1", "orientation":"O2"},
 {"shoe_id":"M45", "image_link":"m45c1o3", "color_id":"C1", "orientation":"O3"},
 {"shoe_id":"M45", "image_link":"m45c1o4", "color_id":"C1", "orientation":"O4"},
 {"shoe_id":"M45", "image_link":"m45c1o5", "color_id":"c1", "orientation":"O5"},
 {"shoe_id":"M45", "image_link":"m45c2o0", "color_id":"C2", "orientation":"O0"},
 {"shoe_id":"M45", "image_link":"m45c2o1", "color_id":"C2", "orientation":"O1"},
 {"shoe_id":"M45", "image_link":"m45c2o2", "color_id":"C2", "orientation":"O2"},
 {"shoe_id":"M45", "image_link":"m45c2o3", "color_id":"C2", "orientation":"O3"},
 {"shoe_id":"M45", "image_link":"m45c2o4", "color_id":"C2", "orientation":"O4"},
 {"shoe_id":"M45", "image_link":"m45c2o5", "color_id":"c2", "orientation":"O5"},
 {"shoe_id":"M45", "image_link":"m45c3o0", "color_id":"C3", "orientation":"O0"},
 {"shoe_id":"M45", "image_link":"m45c3o1", "color_id":"C3", "orientation":"O1"},
 {"shoe_id":"M45", "image_link":"m45c3o2", "color_id":"C3", "orientation":"O2"},
 {"shoe_id":"M45", "image_link":"m45c3o3", "color_id":"C3", "orientation":"O3"},
 {"shoe_id":"M45", "image_link":"m45c3o4", "color_id":"C3", "orientation":"O4"},
 {"shoe_id":"M45", "image_link":"m45c3o5", "color_id":"c3", "orientation":"O5"},
 {"shoe_id":"M46", "image_link":"m46c0o0", "color_id":"C0", "orientation":"O0"},
 {"shoe_id":"M46", "image_link":"m46c0o1", "color_id":"C0", "orientation":"O1"},
 {"shoe_id":"M46", "image_link":"m46c0o2", "color_id":"C0", "orientation":"O2"},
 {"shoe_id":"M46", "image_link":"m46c0o3", "color_id":"C0", "orientation":"O3"},
 {"shoe_id":"M46", "image_link":"m46c0o4", "color_id":"C0", "orientation":"O4"},
 {"shoe_id":"M46", "image_link":"m46c0o5", "color_id":"c0", "orientation":"O5"},
 {"shoe_id":"M46", "image_link":"m46c1o0", "color_id":"C1", "orientation":"O0"},
 {"shoe_id":"M46", "image_link":"m46c1o1", "color_id":"C1", "orientation":"O1"},
 {"shoe_id":"M46", "image_link":"m46c1o2", "color_id":"C1", "orientation":"O2"},
 {"shoe_id":"M46", "image_link":"m46c1o3", "color_id":"C1", "orientation":"O3"},
 {"shoe_id":"M46", "image_link":"m46c1o4", "color_id":"C1", "orientation":"O4"},
 {"shoe_id":"M46", "image_link":"m46c1o5", "color_id":"c1", "orientation":"O5"},
 {"shoe_id":"M46", "image_link":"m46c2o0", "color_id":"C2", "orientation":"O0"},
 {"shoe_id":"M46", "image_link":"m46c2o1", "color_id":"C2", "orientation":"O1"},
 {"shoe_id":"M46", "image_link":"m46c2o2", "color_id":"C2", "orientation":"O2"},
 {"shoe_id":"M46", "image_link":"m46c2o3", "color_id":"C2", "orientation":"O3"},
 {"shoe_id":"M46", "image_link":"m46c2o4", "color_id":"C2", "orientation":"O4"},
 {"shoe_id":"M46", "image_link":"m46c2o5", "color_id":"c2", "orientation":"O5"},
 {"shoe_id":"M46", "image_link":"m46c3o0", "color_id":"C3", "orientation":"O0"},
 {"shoe_id":"M46", "image_link":"m46c3o1", "color_id":"C3", "orientation":"O1"},
 {"shoe_id":"M46", "image_link":"m46c3o2", "color_id":"C3", "orientation":"O2"},
 {"shoe_id":"M46", "image_link":"m46c3o3", "color_id":"C3", "orientation":"O3"},
 {"shoe_id":"M46", "image_link":"m46c3o4", "color_id":"C3", "orientation":"O4"},
 {"shoe_id":"M46", "image_link":"m46c3o5", "color_id":"c3", "orientation":"O5"},
 {"shoe_id":"M47", "image_link":"m47c0o0", "color_id":"C0", "orientation":"O0"},
 {"shoe_id":"M47", "image_link":"m47c0o1", "color_id":"C0", "orientation":"O1"},
 {"shoe_id":"M47", "image_link":"m47c0o2", "color_id":"C0", "orientation":"O2"},
 {"shoe_id":"M47", "image_link":"m47c0o3", "color_id":"C0", "orientation":"O3"},
 {"shoe_id":"M47", "image_link":"m47c0o4", "color_id":"C0", "orientation":"O4"},
 {"shoe_id":"M47", "image_link":"m47c0o5", "color_id":"c0", "orientation":"O5"},
 {"shoe_id":"M47", "image_link":"m47c1o0", "color_id":"C1", "orientation":"O0"},
 {"shoe_id":"M47", "image_link":"m47c1o1", "color_id":"C1", "orientation":"O1"},
 {"shoe_id":"M47", "image_link":"m47c1o2", "color_id":"C1", "orientation":"O2"},
 {"shoe_id":"M47", "image_link":"m47c1o3", "color_id":"C1", "orientation":"O3"},
 {"shoe_id":"M47", "image_link":"m47c1o4", "color_id":"C1", "orientation":"O4"},
 {"shoe_id":"M47", "image_link":"m47c1o5", "color_id":"c1", "orientation":"O5"},
 {"shoe_id":"M47", "image_link":"m47c2o0", "color_id":"C2", "orientation":"O0"},
 {"shoe_id":"M47", "image_link":"m47c2o1", "color_id":"C2", "orientation":"O1"},
 {"shoe_id":"M47", "image_link":"m47c2o2", "color_id":"C2", "orientation":"O2"},
 {"shoe_id":"M47", "image_link":"m47c2o3", "color_id":"C2", "orientation":"O3"},
 {"shoe_id":"M47", "image_link":"m47c2o4", "color_id":"C2", "orientation":"O4"},
 {"shoe_id":"M47", "image_link":"m47c2o5", "color_id":"c2", "orientation":"O5"},
 {"shoe_id":"M47", "image_link":"m47c3o0", "color_id":"C3", "orientation":"O0"},
 {"shoe_id":"M47", "image_link":"m47c3o1", "color_id":"C3", "orientation":"O1"},
 {"shoe_id":"M47", "image_link":"m47c3o2", "color_id":"C3", "orientation":"O2"},
 {"shoe_id":"M47", "image_link":"m47c3o3", "color_id":"C3", "orientation":"O3"},
 {"shoe_id":"M47", "image_link":"m47c3o4", "color_id":"C3", "orientation":"O4"},
 {"shoe_id":"M47", "image_link":"m47c3o5", "color_id":"c3", "orientation":"O5"},
 {"shoe_id":"M48", "image_link":"m48c0o0", "color_id":"C0", "orientation":"O0"},
 {"shoe_id":"M48", "image_link":"m48c0o1", "color_id":"C0", "orientation":"O1"},
 {"shoe_id":"M48", "image_link":"m48c0o2", "color_id":"C0", "orientation":"O2"},
 {"shoe_id":"M48", "image_link":"m48c0o3", "color_id":"C0", "orientation":"O3"},
 {"shoe_id":"M48", "image_link":"m48c0o4", "color_id":"C0", "orientation":"O4"},
 {"shoe_id":"M48", "image_link":"m48c0o5", "color_id":"c0", "orientation":"O5"},
 {"shoe_id":"M48", "image_link":"m48c1o0", "color_id":"C1", "orientation":"O0"},
 {"shoe_id":"M48", "image_link":"m48c1o1", "color_id":"C1", "orientation":"O1"},
 {"shoe_id":"M48", "image_link":"m48c1o2", "color_id":"C1", "orientation":"O2"},
 {"shoe_id":"M48", "image_link":"m48c1o3", "color_id":"C1", "orientation":"O3"},
 {"shoe_id":"M48", "image_link":"m48c1o4", "color_id":"C1", "orientation":"O4"},
 {"shoe_id":"M48", "image_link":"m48c1o5", "color_id":"c1", "orientation":"O5"},
 {"shoe_id":"M48", "image_link":"m48c2o0", "color_id":"C2", "orientation":"O0"},
 {"shoe_id":"M48", "image_link":"m48c2o1", "color_id":"C2", "orientation":"O1"},
 {"shoe_id":"M48", "image_link":"m48c2o2", "color_id":"C2", "orientation":"O2"},
 {"shoe_id":"M48", "image_link":"m48c2o3", "color_id":"C2", "orientation":"O3"},
 {"shoe_id":"M48", "image_link":"m48c2o4", "color_id":"C2", "orientation":"O4"},
 {"shoe_id":"M48", "image_link":"m48c2o5", "color_id":"c2", "orientation":"O5"},
 {"shoe_id":"M48", "image_link":"m48c3o0", "color_id":"C3", "orientation":"O0"},
 {"shoe_id":"M48", "image_link":"m48c3o1", "color_id":"C3", "orientation":"O1"},
 {"shoe_id":"M48", "image_link":"m48c3o2", "color_id":"C3", "orientation":"O2"},
 {"shoe_id":"M48", "image_link":"m48c3o3", "color_id":"C3", "orientation":"O3"},
 {"shoe_id":"M48", "image_link":"m48c3o4", "color_id":"C3", "orientation":"O4"},
 {"shoe_id":"M48", "image_link":"m48c3o5", "color_id":"c3", "orientation":"O5"},
 {"shoe_id":"M49", "image_link":"m49c0o0", "color_id":"C0", "orientation":"O0"},
 {"shoe_id":"M49", "image_link":"m49c0o1", "color_id":"C0", "orientation":"O1"},
 {"shoe_id":"M49", "image_link":"m49c0o2", "color_id":"C0", "orientation":"O2"},
 {"shoe_id":"M49", "image_link":"m49c0o3", "color_id":"C0", "orientation":"O3"},
 {"shoe_id":"M49", "image_link":"m49c0o4", "color_id":"C0", "orientation":"O4"},
 {"shoe_id":"M49", "image_link":"m49c0o5", "color_id":"c0", "orientation":"O5"},
 {"shoe_id":"M49", "image_link":"m49c1o0", "color_id":"C1", "orientation":"O0"},
 {"shoe_id":"M49", "image_link":"m49c1o1", "color_id":"C1", "orientation":"O1"},
 {"shoe_id":"M49", "image_link":"m49c1o2", "color_id":"C1", "orientation":"O2"},
 {"shoe_id":"M49", "image_link":"m49c1o3", "color_id":"C1", "orientation":"O3"},
 {"shoe_id":"M49", "image_link":"m49c1o4", "color_id":"C1", "orientation":"O4"},
 {"shoe_id":"M49", "image_link":"m49c1o5", "color_id":"c1", "orientation":"O5"},
 {"shoe_id":"M49", "image_link":"m49c2o0", "color_id":"C2", "orientation":"O0"},
 {"shoe_id":"M49", "image_link":"m49c2o1", "color_id":"C2", "orientation":"O1"},
 {"shoe_id":"M49", "image_link":"m49c2o2", "color_id":"C2", "orientation":"O2"},
 {"shoe_id":"M49", "image_link":"m49c2o3", "color_id":"C2", "orientation":"O3"},
 {"shoe_id":"M49", "image_link":"m49c2o4", "color_id":"C2", "orientation":"O4"},
 {"shoe_id":"M49", "image_link":"m49c2o5", "color_id":"c2", "orientation":"O5"},
 {"shoe_id":"M49", "image_link":"m49c3o0", "color_id":"C3", "orientation":"O0"},
 {"shoe_id":"M49", "image_link":"m49c3o1", "color_id":"C3", "orientation":"O1"},
 {"shoe_id":"M49", "image_link":"m49c3o2", "color_id":"C3", "orientation":"O2"},
 {"shoe_id":"M49", "image_link":"m49c3o3", "color_id":"C3", "orientation":"O3"},
 {"shoe_id":"M49", "image_link":"m49c3o4", "color_id":"C3", "orientation":"O4"},
 {"shoe_id":"M49", "image_link":"m49c3o5", "color_id":"c3", "orientation":"O5"},
 {"shoe_id":"M5", "image_link":"m5c0o0", "color_id":"C0", "orientation":"O0"},
 {"shoe_id":"M5", "image_link":"m5c0o1", "color_id":"C0", "orientation":"O1"},
 {"shoe_id":"M5", "image_link":"m5c0o2", "color_id":"C0", "orientation":"O2"},
 {"shoe_id":"M5", "image_link":"m5c0o3", "color_id":"C0", "orientation":"O3"},
 {"shoe_id":"M5", "image_link":"m5c0o4", "color_id":"C0", "orientation":"O4"},
 {"shoe_id":"M5", "image_link":"m5c0o5", "color_id":"c0", "orientation":"O5"},
 {"shoe_id":"M5", "image_link":"m5c1o0", "color_id":"C1", "orientation":"O0"},
 {"shoe_id":"M5", "image_link":"m5c1o1", "color_id":"C1", "orientation":"O1"},
 {"shoe_id":"M5", "image_link":"m5c1o2", "color_id":"C1", "orientation":"O2"},
 {"shoe_id":"M5", "image_link":"m5c1o3", "color_id":"C1", "orientation":"O3"},
 {"shoe_id":"M5", "image_link":"m5c1o4", "color_id":"C1", "orientation":"O4"},
 {"shoe_id":"M5", "image_link":"m5c1o5", "color_id":"c1", "orientation":"O5"},
 {"shoe_id":"M5", "image_link":"m5c2o0", "color_id":"C2", "orientation":"O0"},
 {"shoe_id":"M5", "image_link":"m5c2o1", "color_id":"C2", "orientation":"O1"},
 {"shoe_id":"M5", "image_link":"m5c2o2", "color_id":"C2", "orientation":"O2"},
 {"shoe_id":"M5", "image_link":"m5c2o3", "color_id":"C2", "orientation":"O3"},
 {"shoe_id":"M5", "image_link":"m5c2o4", "color_id":"C2", "orientation":"O4"},
 {"shoe_id":"M5", "image_link":"m5c2o5", "color_id":"c2", "orientation":"O5"},
 {"shoe_id":"M5", "image_link":"m5c3o0", "color_id":"C3", "orientation":"O0"},
 {"shoe_id":"M5", "image_link":"m5c3o1", "color_id":"C3", "orientation":"O1"},
 {"shoe_id":"M5", "image_link":"m5c3o2", "color_id":"C3", "orientation":"O2"},
 {"shoe_id":"M5", "image_link":"m5c3o3", "color_id":"C3", "orientation":"O3"},
 {"shoe_id":"M5", "image_link":"m5c3o4", "color_id":"C3", "orientation":"O4"},
 {"shoe_id":"M5", "image_link":"m5c3o5", "color_id":"c3", "orientation":"O5"},
 {"shoe_id":"M6", "image_link":"m6c0o0", "color_id":"C0", "orientation":"O0"},
 {"shoe_id":"M6", "image_link":"m6c0o1", "color_id":"C0", "orientation":"O1"},
 {"shoe_id":"M6", "image_link":"m6c0o2", "color_id":"C0", "orientation":"O2"},
 {"shoe_id":"M6", "image_link":"m6c0o3", "color_id":"C0", "orientation":"O3"},
 {"shoe_id":"M6", "image_link":"m6c0o4", "color_id":"C0", "orientation":"O4"},
 {"shoe_id":"M6", "image_link":"m6c0o5", "color_id":"c0", "orientation":"O5"},
 {"shoe_id":"M6", "image_link":"m6c1o0", "color_id":"C1", "orientation":"O0"},
 {"shoe_id":"M6", "image_link":"m6c1o1", "color_id":"C1", "orientation":"O1"},
 {"shoe_id":"M6", "image_link":"m6c1o2", "color_id":"C1", "orientation":"O2"},
 {"shoe_id":"M6", "image_link":"m6c1o3", "color_id":"C1", "orientation":"O3"},
 {"shoe_id":"M6", "image_link":"m6c1o4", "color_id":"C1", "orientation":"O4"},
 {"shoe_id":"M6", "image_link":"m6c1o5", "color_id":"c1", "orientation":"O5"},
 {"shoe_id":"M6", "image_link":"m6c2o0", "color_id":"C2", "orientation":"O0"},
 {"shoe_id":"M6", "image_link":"m6c2o1", "color_id":"C2", "orientation":"O1"},
 {"shoe_id":"M6", "image_link":"m6c2o2", "color_id":"C2", "orientation":"O2"},
 {"shoe_id":"M6", "image_link":"m6c2o3", "color_id":"C2", "orientation":"O3"},
 {"shoe_id":"M6", "image_link":"m6c2o4", "color_id":"C2", "orientation":"O4"},
 {"shoe_id":"M6", "image_link":"m6c2o5", "color_id":"c2", "orientation":"O5"},
 {"shoe_id":"M6", "image_link":"m6c3o0", "color_id":"C3", "orientation":"O0"},
 {"shoe_id":"M6", "image_link":"m6c3o1", "color_id":"C3", "orientation":"O1"},
 {"shoe_id":"M6", "image_link":"m6c3o2", "color_id":"C3", "orientation":"O2"},
 {"shoe_id":"M6", "image_link":"m6c3o3", "color_id":"C3", "orientation":"O3"},
 {"shoe_id":"M6", "image_link":"m6c3o4", "color_id":"C3", "orientation":"O4"},
 {"shoe_id":"M6", "image_link":"m6c3o5", "color_id":"c3", "orientation":"O5"},
 {"shoe_id":"M7", "image_link":"m7c0o0", "color_id":"C0", "orientation":"O0"},
 {"shoe_id":"M7", "image_link":"m7c0o1", "color_id":"C0", "orientation":"O1"},
 {"shoe_id":"M7", "image_link":"m7c0o2", "color_id":"C0", "orientation":"O2"},
 {"shoe_id":"M7", "image_link":"m7c0o3", "color_id":"C0", "orientation":"O3"},
 {"shoe_id":"M7", "image_link":"m7c0o4", "color_id":"C0", "orientation":"O4"},
 {"shoe_id":"M7", "image_link":"m7c0o5", "color_id":"c0", "orientation":"O5"},
 {"shoe_id":"M7", "image_link":"m7c1o0", "color_id":"C1", "orientation":"O0"},
 {"shoe_id":"M7", "image_link":"m7c1o1", "color_id":"C1", "orientation":"O1"},
 {"shoe_id":"M7", "image_link":"m7c1o2", "color_id":"C1", "orientation":"O2"},
 {"shoe_id":"M7", "image_link":"m7c1o3", "color_id":"C1", "orientation":"O3"},
 {"shoe_id":"M7", "image_link":"m7c1o4", "color_id":"C1", "orientation":"O4"},
 {"shoe_id":"M7", "image_link":"m7c1o5", "color_id":"c1", "orientation":"O5"},
 {"shoe_id":"M7", "image_link":"m7c2o0", "color_id":"C2", "orientation":"O0"},
 {"shoe_id":"M7", "image_link":"m7c2o1", "color_id":"C2", "orientation":"O1"},
 {"shoe_id":"M7", "image_link":"m7c2o2", "color_id":"C2", "orientation":"O2"},
 {"shoe_id":"M7", "image_link":"m7c2o3", "color_id":"C2", "orientation":"O3"},
 {"shoe_id":"M7", "image_link":"m7c2o4", "color_id":"C2", "orientation":"O4"},
 {"shoe_id":"M7", "image_link":"m7c2o5", "color_id":"c2", "orientation":"O5"},
 {"shoe_id":"M7", "image_link":"m7c3o0", "color_id":"C3", "orientation":"O0"},
 {"shoe_id":"M7", "image_link":"m7c3o1", "color_id":"C3", "orientation":"O1"},
 {"shoe_id":"M7", "image_link":"m7c3o2", "color_id":"C3", "orientation":"O2"},
 {"shoe_id":"M7", "image_link":"m7c3o3", "color_id":"C3", "orientation":"O3"},
 {"shoe_id":"M7", "image_link":"m7c3o4", "color_id":"C3", "orientation":"O4"},
 {"shoe_id":"M7", "image_link":"m7c3o5", "color_id":"c3", "orientation":"O5"},
 {"shoe_id":"M8", "image_link":"m8c0o0", "color_id":"C0", "orientation":"O0"},
 {"shoe_id":"M8", "image_link":"m8c0o1", "color_id":"C0", "orientation":"O1"},
 {"shoe_id":"M8", "image_link":"m8c0o2", "color_id":"C0", "orientation":"O2"},
 {"shoe_id":"M8", "image_link":"m8c0o3", "color_id":"C0", "orientation":"O3"},
 {"shoe_id":"M8", "image_link":"m8c0o4", "color_id":"C0", "orientation":"O4"},
 {"shoe_id":"M8", "image_link":"m8c0o5", "color_id":"c0", "orientation":"O5"},
 {"shoe_id":"M8", "image_link":"m8c1o0", "color_id":"C1", "orientation":"O0"},
 {"shoe_id":"M8", "image_link":"m8c1o1", "color_id":"C1", "orientation":"O1"},
 {"shoe_id":"M8", "image_link":"m8c1o2", "color_id":"C1", "orientation":"O2"},
 {"shoe_id":"M8", "image_link":"m8c1o3", "color_id":"C1", "orientation":"O3"},
 {"shoe_id":"M8", "image_link":"m8c1o4", "color_id":"C1", "orientation":"O4"},
 {"shoe_id":"M8", "image_link":"m8c1o5", "color_id":"c1", "orientation":"O5"},
 {"shoe_id":"M8", "image_link":"m8c2o0", "color_id":"C2", "orientation":"O0"},
 {"shoe_id":"M8", "image_link":"m8c2o1", "color_id":"C2", "orientation":"O1"},
 {"shoe_id":"M8", "image_link":"m8c2o2", "color_id":"C2", "orientation":"O2"},
 {"shoe_id":"M8", "image_link":"m8c2o3", "color_id":"C2", "orientation":"O3"},
 {"shoe_id":"M8", "image_link":"m8c2o4", "color_id":"C2", "orientation":"O4"},
 {"shoe_id":"M8", "image_link":"m8c2o5", "color_id":"c2", "orientation":"O5"},
 {"shoe_id":"M8", "image_link":"m8c3o0", "color_id":"C3", "orientation":"O0"},
 {"shoe_id":"M8", "image_link":"m8c3o1", "color_id":"C3", "orientation":"O1"},
 {"shoe_id":"M8", "image_link":"m8c3o2", "color_id":"C3", "orientation":"O2"},
 {"shoe_id":"M8", "image_link":"m8c3o3", "color_id":"C3", "orientation":"O3"},
 {"shoe_id":"M8", "image_link":"m8c3o4", "color_id":"C3", "orientation":"O4"},
 {"shoe_id":"M8", "image_link":"m8c3o5", "color_id":"c3", "orientation":"O5"},
 {"shoe_id":"M9", "image_link":"m9c0o0", "color_id":"C0", "orientation":"O0"},
 {"shoe_id":"M9", "image_link":"m9c0o1", "color_id":"C0", "orientation":"O1"},
 {"shoe_id":"M9", "image_link":"m9c0o2", "color_id":"C0", "orientation":"O2"},
 {"shoe_id":"M9", "image_link":"m9c0o3", "color_id":"C0", "orientation":"O3"},
 {"shoe_id":"M9", "image_link":"m9c0o4", "color_id":"C0", "orientation":"O4"},
 {"shoe_id":"M9", "image_link":"m9c0o5", "color_id":"c0", "orientation":"O5"},
 {"shoe_id":"M9", "image_link":"m9c1o0", "color_id":"C1", "orientation":"O0"},
 {"shoe_id":"M9", "image_link":"m9c1o1", "color_id":"C1", "orientation":"O1"},
 {"shoe_id":"M9", "image_link":"m9c1o2", "color_id":"C1", "orientation":"O2"},
 {"shoe_id":"M9", "image_link":"m9c1o3", "color_id":"C1", "orientation":"O3"},
 {"shoe_id":"M9", "image_link":"m9c1o4", "color_id":"C1", "orientation":"O4"},
 {"shoe_id":"M9", "image_link":"m9c1o5", "color_id":"c1", "orientation":"O5"},
 {"shoe_id":"M9", "image_link":"m9c2o0", "color_id":"C2", "orientation":"O0"},
 {"shoe_id":"M9", "image_link":"m9c2o1", "color_id":"C2", "orientation":"O1"},
 {"shoe_id":"M9", "image_link":"m9c2o2", "color_id":"C2", "orientation":"O2"},
 {"shoe_id":"M9", "image_link":"m9c2o3", "color_id":"C2", "orientation":"O3"},
 {"shoe_id":"M9", "image_link":"m9c2o4", "color_id":"C2", "orientation":"O4"},
 {"shoe_id":"M9", "image_link":"m9c2o5", "color_id":"c2", "orientation":"O5"},
 {"shoe_id":"M9", "image_link":"m9c3o0", "color_id":"C3", "orientation":"O0"},
 {"shoe_id":"M9", "image_link":"m9c3o1", "color_id":"C3", "orientation":"O1"},
 {"shoe_id":"M9", "image_link":"m9c3o2", "color_id":"C3", "orientation":"O2"},
 {"shoe_id":"M9", "image_link":"m9c3o3", "color_id":"C3", "orientation":"O3"},
 {"shoe_id":"M9", "image_link":"m9c3o4", "color_id":"C3", "orientation":"O4"},
 {"shoe_id":"M9", "image_link":"m9c3o5", "color_id":"c3", "orientation":"O5"}]